Maplage,Grass,Fairy,50,50,45,60,45,70,320,Overgrow (Technician/Blademaster),https://i.imgur.com/MGheiPi.png,https://i.imgur.com/HmESgVU.png,https://i.imgur.com/RU6Wg5A.gif,https://voca.ro/16oTYDvnumKI,Zac & Genocity,Zac,0.4 m,1.4 kg,Green,87.5/12.5,Grass/Fairy,Lvl 16,Maple + Mage,
Hazelnaut,Grass,Fairy,60,85,50,80,50,100,425,Overgrow (Technician/Blademaster),https://i.imgur.com/MGheiPi.png,https://i.imgur.com/ATTGgQu.png,https://i.imgur.com/KVjeR7N.png,https://voca.ro/1ccvqn7Y5piA,Zac & Genocity,Zac,0.8 m,21.2 kg,Green,87.5/12.5,Grass/Fairy,Lvl 36,Hazelnut + naut (suffix for traveler),
Ginocchio,Grass,Fairy,65,110,70,110,60,115,530,Overgrow (Technician/Blademaster),https://i.imgur.com/MGheiPi.png,https://i.imgur.com/WYlFQTM.png,https://i.imgur.com/1LU0yrs.png,https://voca.ro/1nyDCNnm7EQ2,Zac & Genocity,Zac,1.6 m,60 kg,Green,87.5/12.5,Grass/Fairy,Does Not Evolve,Pinocchio + Geno (from SMRPG),
Magmata,Fire,,65,60,65,40,40,50,320,Blaze (Flash Fire/Regenerator),https://i.imgur.com/nYXziOz.png,https://i.imgur.com/KsYRDQG.png,https://i.imgur.com/ijwu4Ss.png,,Zac,Zac,0.5 m,10.7 kg,Gray,87.5/12.5,Monster/Dragon,Lvl 16,"Magma + ""ata"" (derived from the ending of the term Caudata, which is a subcategory of amphibians salamanders are a part of)",
Delava,Fire,Steel,80,85,85,55,55,65,425,Blaze (Flame Body/Regenerator),https://i.imgur.com/nYXziOz.png,https://i.imgur.com/3QGgH0s.png,https://i.imgur.com/yhjBgbA.png,,Zac & GML,Zac,1.4 m,156.7 kg,Gray,87.5/12.5,Monster/Dragon,Lvl 36,"Lava + ""Urodela"" (Scientific term for addressing tailed salamanders)",
Salezerker,Fire,Steel,95,125,110,60,60,80,530,Blaze (Rock Head/Regenerator),https://i.imgur.com/nYXziOz.png,https://i.imgur.com/KftMzoq.png,https://i.imgur.com/aJqUex5.png,https://voca.ro/1lnVF2PVT2ew,Zac,Zac,2.3 m,666 kg,Gray,87.5/12.5,Monster/Dragon,Does Not Evolve,Salamander + Berserker (Like Guts from Berserk!!!),
Frudge,Water,,65,45,50,60,60,40,320,Torrent (Storm Drain/Sheer Force),https://i.imgur.com/W1Xpeq0.png,https://i.imgur.com/YWSlUtZ.png,https://i.imgur.com/S2aqyug.png,https://voca.ro/11L4EbdGpca2,Genocity,GML,0.6 m,5.7 kg,Brown,87.5/12.5,Amorphous,Lvl 16,Froggy + Sludge,
Aquaos,Water,Ground,90,60,70,85,80,40,425,Torrent (Storm Drain/Sheer Force),https://i.imgur.com/W1Xpeq0.png,https://i.imgur.com/bDcSvf8.png,https://i.imgur.com/jl0bmme.png,https://voca.ro/1aywXBikXICV,Genocity,Zac,0.9 m,56 kg,Brown,87.5/12.5,Amorphous,Lvl 36,Aqua/Aquatic + Chaos (from Sonic the Hedgehog),
Lemirethun,Water,Ground,110,60,90,125,100,45,530,Torrent (Storm Drain/Sheer Force),https://i.imgur.com/W1Xpeq0.png,https://i.imgur.com/KHvZXxS.png,https://i.imgur.com/HxEqd58.png,https://voca.ro/1nJaB7F4rIHW,Genocity,Genocity,1.5 m,312 kg,Brown,87.5/12.5,Amorphous,Does Not Evolve,Mire (wetland/boggy area) + Leviathan,
Larvitty,Bug,,51,55,34,34,45,65,284,Shield Dust/Cute Charm (Truant/Fluffy),https://i.imgur.com/WbHB3hi.png,https://imgur.com/a/kAlHkOq,https://i.imgur.com/lBqKrC8.png,,Zac,Zac,0.4 m,4.2 kg,Green,50/50,Bug/Field,Lvl 14,Larvae + Kitty,
Grumpoon,Bug,,51,55,91,55,91,24,367,Shield Dust/Cute Charm (Truant/Fluffy),https://i.imgur.com/scInVJX.png,https://imgur.com/a/7MbbOb6,https://i.imgur.com/vAHb3bz.png,https://voca.ro/1npla3hldMSo,Zac,Zac,0.6 m,7.6 kg,Brown,50/50,Bug/Field,High Friendship,"Grumpy (specifically the meme ""Grumpy Cat"") + Cocoon",
Konekoth,Bug,,101,121,82,70,91,57,522,Shield Dust/Intimidate (Tough Claws/Fluffy),https://i.imgur.com/IbGqjJr.png,https://imgur.com/a/VHMPUf8,https://i.imgur.com/ysG0xyk.png,,Zac,Zac,1.6 m,84.2 kg,Brown,50/50,Bug/Field,Does Not Evolve,"Koneko (Japanese word for ""Kitten"") + Moth",
Monkite,Flying,,50,61,41,50,41,81,324,Vital Spirit/Unburden (Hustle/Gale Wings),https://i.imgur.com/35pDB8R.png,https://i.imgur.com/ughKfHx.png,https://i.imgur.com/r8bSonX.png,https://voca.ro/113VXwZKgt7m,Zac,Zac,0.6 m,19.1 kg,Red,50/50,Human-Like,Lvl 18,Monkey + Kite,
Konglide,Flying,,65,81,61,65,61,91,424,Vital Spirit/Unburden (Hustle/Gale Wings),https://i.imgur.com/35pDB8R.png,https://i.imgur.com/3ZAQauR.png,https://i.imgur.com/mlEPELZ.png,https://voca.ro/1fGRMFEZp9jS,Zac,Zac,1.1 m,31 kg,Red,50/50,Human-Like,Lvl 37,Kong (like King Kong/Donkey Kong) + Glide,
Yokite,Flying,,75,101,71,92,71,114,524,Vital Spirit/Unburden (Hustle/Aerilate),https://i.imgur.com/35pDB8R.png,https://i.imgur.com/My5izUT.png,https://i.imgur.com/Epo0kDy.png,https://voca.ro/16IjejJ35x4h,Zac,Zac,1.82 m,78.3 kg,Red,50/50,Human-Like,Does Not Evolve,Yokai (a term to refer to mythical Japanese demons) + Kite,
Afloof,Normal,Fairy,54,69,33,50,33,85,324,Unaware,https://i.imgur.com/DDTWewb.png,https://i.imgur.com/L9lTYee.png,https://i.imgur.com/O8MWIkQ.png,https://voca.ro/1hfHjeN2s9SI,Zac,Zac,0.3 m,2.9 kg,Pink,12.5/87.5,Field,Lvl 26,Aloof + Floof (Corrpution of fluff),
Disbeary,Normal,Fairy,59,111,59,101,59,111,500,Temperamental,https://i.imgur.com/pZy6hu7.png,https://i.imgur.com/0YxhGHF.png,https://i.imgur.com/QkMrKkb.png,,Genocity & Zac,Zac,0.8 m,8.2 kg,Pink,12.5/87.5,Field,Does Not Evolve,Despair + Dis Bear + Bury Pink,
Hamstatic,Electric,Normal,55,37,50,45,50,80,317,Surge Surfer/Dancer (Concert/Punk Rock),https://i.imgur.com/JihBHN4.jpg,https://i.imgur.com/ZvIW8CU.png,https://i.imgur.com/BSfW8e0.png,https://voca.ro/1nEeloi1HjFN,Spectralized & Emillight,-,0.3 m,3.5 kg,Yellow?,50/50,Field,Lvl 17,Hamster + Static,
Ampstar,Electric,Normal,70,75,60,70,80,110,465,Surge Surfer/Dancer (Concert/Punk Rock),https://i.imgur.com/Dzcjhz1.png,https://i.imgur.com/oaQQfdN.png,https://i.imgur.com/R5YXxtj.png,https://voca.ro/1hUfuavsdH2o,Spectralized & Emillight,Genocity,0.73 m,16 kg,Yellow?,50/50,Field,Does Not Evolve,Amplify + Rockstar + Audibly sounding like hamster,
Floribel,Grass,,42,56,40,58,60,48,304,Flower Veil/Serene Grace (Grassy Surge/Dancer),https://i.imgur.com/xALylOW.png,https://i.imgur.com/aUlOmRz.png,https://i.imgur.com/cQrpoWx.png,,Genocity,Con,0.2 m,4 kg,Red,25/75,Grass,Level Up with Petal Dance,Flor (Latin for flower) + Bell (Like the bellflower) + Belle,
Mogeria,Grass,,67,99,60,101,111,90,528,Flower Veil/Serene Grace (Grassy Surge/Dancer),https://i.imgur.com/z3S0Hz4.png,https://i.imgur.com/mnbe3hk.png,https://i.imgur.com/s4GIbcR.png,https://voca.ro/1bwJ0nzpRFlT,Genocity,Genocity & Zac,0.8 m,24 kg,Red,25/75,Grass,Does Not Evolve,Monocots (flowery plants) + Lapageria Rosea (Scientific term for the very flower Mogeria is based on),
Kiwi,Grass,Flying,55,75,57,69,49,37,342,Sap Sipper (Mimicry/Simple),,,,,Karma,Zac,0.22 m,4.44 kg,Green,50/50,Grass/Flying,Level Up with Topsy-Turvy,KEY-WEE,
Iwik,Flying,Grass,73,94,96,75,57,55,450,Sap Sipper (Mirror Armor/Inversion),,,,,Karma,Zac,0.22 m,4.44 kg,Green,50/50,Flying/Grass,Does Not Evolve,E-WICK,
Whimple,Bug,,45,65,60,30,34,70,304,Long Reach/Rattled (Wimp Out/Technician),https://i.imgur.com/y18lzZX.png,https://i.imgur.com/Y1av7wR.png,,https://voca.ro/1klqVs3pf3la,Zac,Zac,0.34 m,11.9 kg,Brown,50/50,Bug/Monster,Lvl 22,Whip + Wimp + Simple (it's as whimple as that),
Whipscuffle,Bug,Fighting,71,105,76,51,44,78,425,Long Reach/Puppeteer (Scrappy/Technician),https://i.imgur.com/y18lzZX.png,https://i.imgur.com/KAo0MhU.png,,,Zac,Zac,1.46 m,59.3 kg,Blue,50/50,Bug/Monster,Lvl 37,Whip + Scuffle,
Whipsicuffs,Bug,Fighting,86,117,134,61,54,71,523,Long Reach/Intimidate (Scrappy/Technician),https://i.imgur.com/AyU2Arw.jpg,https://i.imgur.com/cmwu9fv.png,https://i.imgur.com/b2CGrno.png,https://voca.ro/17nbRtmAS12g,Emillight & Gojira,Emillight & Genocity,2.1 m,171.8 kg,Blue,50/50,Bug/Monster,Does Not Evolve,"Whip/Whip Spider (specifically the ""Tailless Whip Scorpion"") + Fisticuffs",
Jermin,Normal,Poison,90,50,55,60,45,105,405,Swarming (Sturdy/Madman),https://i.imgur.com/bdE80WZ.png,https://i.imgur.com/3WJ4srV.png,https://i.imgur.com/HNH6AAX.png,https://voca.ro/1eclE7xoPVO2,AbyssalLeviathan & Genocity,RayMain & Zac,0.5 m,2 kg,Gray,87.5/12.5,Field,Does Not Evolve,Jerma + German + Vermin,
Skuba,Water,,66,33,77,44,58,42,320,Rivalry/Bulletproof (Water Bubble/Plus),https://i.imgur.com/SFPs8PF.png,https://imgur.com/a/qyuV1RG,,,SomeArsej,Zac,1.00000000001 m,8.5 kg,Yellow,50/50,Water 2,Lvl 30 without Skub,yeah,
Skubmarine,Water,Steel,70,50,115,70,110,65,480,Rivalry/Bulletproof (Motor Drive/Plus),https://i.imgur.com/2GbpWnS.png,https://i.imgur.com/ZupB3K1.png,https://i.imgur.com/3F5hisq.png,,CAPSLOCK PRIME & Genocity,Genocity,1 m,18 kg,Yellow,50/50,Water 2,Does Not Evolve,penis,
Pedestone,Rock,,50,30,90,30,90,20,310,Solid Rock/Sturdy (Clear Body/Magic Guard),https://i.imgur.com/ACxubDv.png,https://i.imgur.com/L8AJyCA.png,https://i.imgur.com/i8nBLSe.png,,The Fiend & Genocity,-,0.8 m,32 kg,Gray,Genderless,Mineral,X,Pedestal + Stone,
Erochre,Rock,Ground,95,100,130,40,80,50,495,Filter/Sand Stream (Collapsing Ruin/Dry Skin),https://i.imgur.com/ACxubDv.png,https://i.imgur.com/5zUA81q.png,https://i.imgur.com/dOTWSae.png,,The Fiend & Genocity,-,1.77 m,120 kg,Brown,Genderless,Mineral,Level Up holding a Soft Sand,Erode/Erosion + Ochre (An earthy clay pigment that mountainous deserts often share the color of),
Pillaia,Rock,Grass,95,40,80,100,130,50,495,Unnerve/Grassy Surge (Collapsing Ruin/Regenerator),https://i.imgur.com/ACxubDv.png,https://i.imgur.com/iBbDc37.png,https://i.imgur.com/IeEf5yT.png,,The Fiend & Genocity,-,1.7 m,80 kg,Gray,Genderless,Mineral,Level Up holding a Miracle Seed,Pillar + Gaia (The Greek goddess of Earth and life) (ironic because pillaia is DEAD),
Triactite,Rock,Bug,38,56,63,47,36,83,323,Weak Armor/Sturdy (Wimp Out/Tinted Lens),,,,,Rexcanyon792,The Fiend & Zac,,,,,,Lvl 24,Trite (Like the The Binding of Isaac enemy) + Stalactite (Like the rock formation),
Tritanic,Rock,Bug,68,98,93,67,46,121,493,Weak Armor/Sturdy (Wimp Out/Tinted Lens),,,,,Rexcanyon792,,,,,,,Does Not Evolve,Trite (Like the The Binding of Isaac enemy) + Titanic (Because it's a big fuck off rock),
Bandicute,Ground,,70,64,65,39,46,50,334,Own Tempo/Prankster (Sand Force/Oblivious),https://i.imgur.com/hWCnnDO.png,https://i.imgur.com/2K6GuUb.png,https://i.imgur.com/4xEnDOB.png,https://voca.ro/1fjBxQw8upFX,Genocity,-,0.4 m,7.2 kg,Brown,100% Male,Field,Lvl 34,Bandicoot (Like from Crash Bandicoot) + Cute,
Naughtycoot,Ground,,90,84,97,51,68,94,484,Own Tempo/Prankster (Sand Stream/Tangled Feet),https://i.imgur.com/c07BfC5.png,https://i.imgur.com/5jC0CTD.png,https://i.imgur.com/MrQ2wXB.png,https://voca.ro/1bWXVINF7VwG,Genocity,Genocity,1.5 m,72 kg,Brown,100% Male,Field,Does Not Evolve,Naughty + Bandicoot (you already know.),
Substrale,Ground,,58,74,62,80,66,41,381,Sand Rush/Soundproof (Rattled/Thick Fat),,,,,Karma,,,,Pink,50/50,Water 1/Field,Ice Stone,Substrate + Whale / Shale,
Permaceros,Ground,Ice,86,116,71,123,81,58,535,Sand Rush/Soundproof (Slush Rush/Thick Fat),,,,,Karma,,,,Blue,50/50,Water 1/Field,Does Not Evolve,Permafrost + Monoceros (The scientific classification for narwhals) / Ceros (Horn in Latin),
Frijolero,Grass,,65,30,35,65,45,50,290,Chlorophyll/Levitate (Pickpocket/Solar Power),https://i.imgur.com/7Fy5gYg.png,https://i.imgur.com/zfi3mE3.png,https://i.imgur.com/sHaeZab.png,,SomeArsej,GML,0.3 m,2 kg,Black,50/50,Grass/Amorphous,Lvl 22,"Frijoles (Fried beans in Spanish) + the term ""Frijolero"", which is both the name of a song by Molotov and a derogatory term refering to Mexican people.",
Picantero,Grass,Fire,80,40,50,90,60,60,380,Chlorophyll/Levitate (Pickpocket/Flash Fire),https://i.imgur.com/7Fy5gYg.png,https://i.imgur.com/Mjdw1kJ.png,https://i.imgur.com/N5qPYRi.png,,SomeArsej,GML,0.8 m,15 kg,Black,50/50,Grass/Amorphous,Lvl 40,"Picante (Spicy in Spanish) + Fuentes (A hispanic surname that translates to ""fountains"")",
Sherifuego,Ghost,Fire,100,70,70,115,75,105,535,Victory Star/Levitate (Solar Power/Flash Fire),https://i.imgur.com/7Fy5gYg.png,https://i.imgur.com/sSj8J3g.png,https://i.imgur.com/g9vHljh.png,https://voca.ro/1bJF3apS4M96,SomeArsej,Zac,1.5 m,18 kg,Black,50/50,Grass/Amorphous,Does Not Evolve,Sheriff + Fuego (Fire in Spanish),
Juankey,Normal,,54,55,60,20,15,90,294,Run Away/Tangled Feet (Oblivious/Klutz),https://i.imgur.com/JZeJ54x.png,https://i.imgur.com/m99BiPF.png,,,Frozen Seraphim,Zac,1.24 m,82.2 kg,Brown,75/25,Field,Lvl 34,Juan (fnuuy horise) + Donkey,
Equuan,Normal,,75,100,65,80,80,130,530,Cute Charm/Quick Feet (Dazzling/Striker),https://i.imgur.com/TPqSdPM.png,https://i.imgur.com/pzQD0Qr.png,https://i.imgur.com/HEkzJwI.png,https://voca.ro/1hVSHiLiXEuF,Genocity,Zac,2.1 m,157 kg,Brown,75/25,Field,Does Not Evolve,Equine/Equus + Juan (fnuuy hons) + Don Juan Tenorio,
Shroomag,Grass,Electric,58,24,59,60,64,48,313,Volt Absorb/Effect Spore (Magnet Pull/Poison Heal),https://i.imgur.com/39VerPT.png,https://i.imgur.com/DyCQnFU.png,https://i.imgur.com/lI9KgML.png,,Karma,-,0.0 m,0.6 kg,Gray,50/50,Grass,Lvl 29,Shroom + Magnet,
Fungnet,Grass,Electric,90,50,92,110,95,49,486,Volt Absorb/Effect Spore (Magnet Pull/Poison Heal),https://i.imgur.com/g9S4cpM.png,https://i.imgur.com/mRdFMC0.png,https://i.imgur.com/0pu6Drz.png,,The Fiend & Zac,Zac,0.1 m,2.4 kg,Gray,50/50,Grass,Does Not Evolve,Fungus + Magnet,
Arachnote,Normal,Bug,67,80,62,107,60,101,477,Soundproof/Swarm (Boombox/Tinted Lens),https://i.imgur.com/VDh5v0A.png,https://imgur.com/a/jmGlmG0,https://i.imgur.com/Vre8VDG.png,https://voca.ro/13sncioIMCvA,Abel & Zac,Zac,0.4 m,4.3 kg,White,50/50,Bug,Does Not Evolve,Arachnid + Note (like the music thing),
Burnugget,Fire,,40,69,56,44,30,35,274,Tangled Feet/Flame Body (Simple/Unaware),https://i.imgur.com/QUYfRTW.png,https://i.imgur.com/q9Wl6B2.png,https://i.imgur.com/FApCNB4.png,,The Fiend,Zac,0.2 m,0.2 kg,Red,50/50,Flying,Lvl 34,Burn + Nugget (Like chicken nuggets),
Flarhea,Fire,,80,111,72,55,69,120,507,Tangled Feet/Striker (Reckless/Unaware),https://i.imgur.com/dW4OSGf.png,https://i.imgur.com/S6SvQf5.png,https://i.imgur.com/Trcf0ji.png,,Genocity,Genocity & Zac,1.4 m,32 kg,Red,50/50,Flying,Does Not Evolve,Flare + Rhea (a flightless bird akin to an Ostritch),
Dirtybis,Ground,Flying,52,62,37,40,34,61,286,Sand Veil/Early Bird (Oblivious/Skill Link),https://imgur.com/fytfK89,https://imgur.com/At9rkWT,,https://voca.ro/16Ff75n2svNB,Sylph,Zac,0.5 m,14.4 kg,Brown,50/50,Flying/Field,Lvl 28,Dirty + Ibis (Long-legged wading bird),
Ibask,Ground,Flying,78,107,73,66,60,110,494,Sand Veil/Early Bird (Intimidate/Skill Link),https://imgur.com/fytfK89,https://imgur.com/e3SM8JA,,https://voca.ro/1lxh0XEvdsFk,Sylph,Zac,0.9 m,40.8 kg,Brown,50/50,Flying/Field,Does Not Evolve,Ibis + Mask,
Sycosect,Psychic,Poison,45,65,45,71,78,50,354,Overcoat/Synchronize (Klutz/Leech),,,,,The Fiend,,,,,,,Lvl 24,Sycophant + Insect,
Scolifex,Psychic,Poison,71,95,71,106,98,75,516,Overcoat/Synchronize (Magic Bounce/Leech),,,,,The Fiend,,,,,,,Does Not Evolve,Scolex + Pontifex,
Turtini,Ground,,50,50,85,75,65,30,355,Dispenser (Galvanize/Shell Armor),https://i.imgur.com/Ewpmyyi.png,https://i.imgur.com/wNpRQar.png,https://i.imgur.com/svxu8cF.png,https://voca.ro/1kF2I5bm0rDL,The Fiend (I think),Zac,0.29 m,22 kg,Blue,50/50,Water 1/Field,Lvl 30,Turtle + Tiny (But misspelled),
Turturret,Ground,Electric,65,65,120,110,95,45,500,Dispenser (Galvanize/Shell Armor),https://i.imgur.com/C3AthmM.png,https://i.imgur.com/wDaDNWI.png,https://i.imgur.com/HpyqDRS.png,https://voca.ro/1cuX9Xen3tcK,Genocity,GML,0.8 m,80.4 kg,Blue,50/50,Water 1/Field,Does Not Evolve,Turtle + Turret,
Mimikrab,Water,,50,85,65,30,50,75,355,Insomnia (Inner Focus/Infiltrator),https://i.imgur.com/3h8X1kH.jpg,https://i.imgur.com/PSkGbl7.png,https://i.imgur.com/BU1Uth1.png,https://voca.ro/1kvfgNZ9uzi7,Frozen Seraphim,Zac,0.22 m,14.8 kg,Red,50/50,Water 3,Lvl 30,Mimic + Crab (But misspelled),
Spycrab,Water,Dark,65,120,95,45,65,110,500,Illusion (Imposter/Infiltrator),https://i.imgur.com/XPnfudB.png,https://i.imgur.com/sIg8eWo.png,https://i.imgur.com/VSt1Qup.png,https://voca.ro/16HRTwk530vC,Genocity,Genocity,0.5 m,60.3 kg,Red,50/50,Water 3,Does Not Evolve,"Spycrab may be a combination of ""Spy"" and ""Crab""",
Stowlet,Dark,Flying,44,58,42,65,49,76,334,Limber/Magician (Unburden/Speed Boost),https://imgur.com/qd3BEca,https://imgur.com/JPoli3W,,https://voca.ro/1onFVxx6W73f,The Fiend,Zac,0.4 m,4.8 kg,Black,50/50,Flying,Lvl 37,Star or Strix + Owlet (A young owl),
Strixnight,Dark,Flying,66,71,64,102,71,126,500,Limber/Magician (Unburden/Dazzling),https://imgur.com/qd3BEca,https://imgur.com/a/O8RZYhi,,https://voca.ro/1mC8Q1aFkB6Z,The Fiend,Zac,0.8 m,28.8 kg,Black,50/50,Flying,Does Not Evolve,Strix (Owl demon in mythology & genus of owls) + Night,
Hyduck,Psychic,,48,45,51,60,60,56,320,Swift Swim/Synchronize (Inversion/Forewarn),https://i.imgur.com/udEd4E5.png,https://i.imgur.com/lrJ1yFh.png,https://i.imgur.com/EsGPedV.png,https://voca.ro/1boAnsxrMYUM,Zac,Zac,0.8 m,19.6 kg,Gray,50/50,Water 1/Field,X,Hylics (Like the indie game) + Duck + Psyduck,
Bluduck,Psychic,,82,80,80,85,95,78,500,Swift Swim/Synchronize (Inversion/Big Brain),https://i.imgur.com/udEd4E5.png,https://i.imgur.com/x3kzejl.png,https://i.imgur.com/tmnd9Xp.png,https://voca.ro/19hW1vsMibif,Zac,Zac,1.7 m,76.6 kg,Yellow,50/50,Water 1/Field,Lvl 33,"Blue + Duck (a play on Golduck who isn't actually gold, Bluduck isn't actually blue :^)",
Platylics,Psychic,Fairy,103,53,69,103,72,100,500,Swift Swim/Synchronize (Fairy Aura/Simple),https://i.imgur.com/jXV0qWe.png,https://i.imgur.com/1yb9teA.png,https://i.imgur.com/OiJWkWq.png,https://voca.ro/13DzOvLsfp7f,Zac,Zac,1.7 m,67.7 kg,Gray,50/50,Water 1/Field,Moon Stone,Platypus + Hylics,
Krissy,Electric,Dark,50,34,41,100,50,96,371,Cloud Nine/Levitate (Shower Power/Cute Charm),https://i.imgur.com/xuNfugL.png,https://i.imgur.com/u3fNPj6.png,https://i.imgur.com/mFgvcEL.png,https://voca.ro/1oPGVqSLpvrj,SomeArsej,GML,1.3 m,66.6 kg,Brown,Genderless,Monster/Amorphous,Thunder Stone,Kracko + Hissy (lil babey Cacodemon),
Krackodemon,Electric,Dark,109,73,64,142,90,69,547,Cloud Nine/Levitate (Shower Power/Iron Barbs),https://i.imgur.com/Ay36dnT.png,https://i.imgur.com/g5DSGlF.png,https://i.imgur.com/jshilqp.png,https://voca.ro/1isKKb0XtqkI,"The Fiend, SomeArsej, Genocity",Genocity,3.1 m,666.6 kg,Black,Genderless,Monster/Amorphous,Does Not Evolve,Kracko (boss from Kirby) + Cacodemon (like from Doom),
Triderling,Bug,,39,55,50,39,44,68,295,Swarm/Sturdy (Skill Link/Stop Sign),https://i.imgur.com/tSb5y4r.png,https://i.imgur.com/fcJpsmW.png,,,Sylph,Zac,0.22 m,6.6 kg,Red,50/50,Bug,Lvl 28,"Triangle + Spider + -ling (referring to anything small or apart of a group, a la youngling)",
Tarantagon,Bug,Steel,60,99,85,60,67,119,490,Swarm/Sturdy (Skill Link/Stop Sign),https://i.imgur.com/C1grW3H.png,https://imgur.com/a/vaWhw0R,,,Genocity,Zac & Clown,0.85 m,22.7 kg,Red,50/50,Bug,Does Not Evolve,Tarantula + Octagon,
Commutant,Electric,Fire,46,68,54,53,44,90,355,Motor Drive/Galvanize (Surge Surfer/Speed Boost),,,,,Zac,Zac,1.5 m,108.2 kg,Yellow,50/50,Mineral,Fire Stone,Commute + Unknown,
Hybrotamus,Electric,Fire,120,111,54,104,44,106,539,Motor Drive/Galvanize (Surge Surfer/Speed Boost),,,,,Zac,Zac,1.8 m,508.2 kg,Yellow,50/50,Mineral,Does Not Evolve,Unknown,
Catobiraffe,Electric,Fire,68,52,42,91,42,60,355,Long Reach/Lightning Rod (Flash Fire/Power Spot),,,,,Zac,Zac,1.1 m,208.2 kg,Yellow,50/50,Field,Thunder Stone,Unknown + Giraffe,
Cameloductor,Electric,Fire,104,72,73,133,73,84,539,Long Reach/Lightning Rod (Flash Fire/Power Spot),,,,,Zac,Zac,4.6 m,408.2 kg,Black,50/50,Field,Does Not Evolve,Camelopard (Fancy word for giraffe) + Conductor,
Vinedup,Grass,Fire,40,60,50,60,40,30,280,Pressure Fuzed/Aftermath (Chlorophyll/Harvest),https://i.imgur.com/zNxLBQU.png,https://i.imgur.com/maDJM1L.png,https://i.imgur.com/Sfo4Ghm.png,https://voca.ro/1dXV13KuN8bI,YanVCV,Zac,0.2 m,5.6 kg,Green,50/50,Grass,Lvl 21,Vine + Wind Up,
Ramboom,Grass,Fire,55,95,65,95,55,50,415,Pressure Fuzed/Aftermath (Chlorophyll/Harvest),https://i.imgur.com/OkQFQwW.png,https://i.imgur.com/8N7y53d.png,https://i.imgur.com/WhrAG6f.png,,Corkie6,Zac,0.88 m,15.5 kg,Green,50/50,Grass,Fire Stone,Rambler + Boom,
Vinebomb,Grass,Fire,70,115,80,115,70,75,525,Pressure Fuzed/Aftermath (Chlorophyll/Harvest),https://i.imgur.com/AIjYKph.png,https://i.imgur.com/0kL7Nr9.png,https://i.imgur.com/dn94iQV.png,https://voca.ro/1fQZDWwgNQZ0,Corkie6 / Sylph,Zac,1.2 m,32.4 kg,Green,50/50,Grass,Does Not Evolve,Vinebomb may be a combination of Vine and Bomb (also funny vine boom sound effect),
Flubbster,Normal,Water,105,55,10,24,12,11,217,Damp (Guts/Aftermath),https://imgur.com/ggk0p7U,https://imgur.com/V53AXoB,,https://voca.ro/1cxVK6R0LDQX,The Fiend,Zac,1.8 m,70 kg,White,50/50,Undiscovered,Water Stone,Flubber (rubbery polymer) or Blubber + -ster (suffix used for words like monster/gangster),
Blubbastard,Normal,Water,195,91,44,75,65,30,500,Damp (Guts/Aftermath),https://imgur.com/DtlxPtS,https://imgur.com/QwnZlCe,https://imgur.com/1VQoQAM,https://voca.ro/1kBnTM3nJVX9,The Fiend,Zac,10.38 m,700.3 kg,White,50/50,Undiscovered,Does Not Evolve,Blubber + Bastard,
Buggy,Bug,,40,45,60,40,40,70,295,Shield Dust/Lightning Rod (Steelworker/Emergency Exit),https://imgur.com/rjhGpd6,https://imgur.com/RGCApDd,,https://voca.ro/1ozqCOef1g6E,Zac,Zac,0.58 m,18.3 kg,Gray,50/50,Bug/Mineral,X,Buggy (As in the car),
Bugatti,Bug,Steel,70,95,125,50,70,90,500,Reckless/Motor Drive (Heavy Metal/Speed Boost),https://imgur.com/rjhGpd6,https://imgur.com/ben7epM,,https://voca.ro/1lKBoqUtE4LI,Zac,Zac,3.41 m,804.2 kg,Gray,50/50,Bug/Mineral,Lvl 27,Bugatti (As in the car brand),
Bullepede,Bug,Steel,105,100,75,40,50,130,500,Rock Head/Motor Drive (Light Metal/Speed Boost),https://imgur.com/rjhGpd6,https://imgur.com/G95sIgT,,https://voca.ro/1cVbgAKRodYy,Zac,Zac,14.86 m,3075.1 kg,Gray,50/50,Bug/Mineral,Metal Coat on Buggy,Bullet (As in bullet train) + Millipede,
Poltire,Poison,Ghost,64,74,49,69,49,66,371,Stench/Tetanus (Poison Touch/Technician),https://i.imgur.com/fK80rct.png,https://i.imgur.com/DlkLMfe.png,,,The Fiend,Zac,0.99 m,6.3 kg,Green,50/50,Monster/Amorphous,Lvl 38,Poltergeist + Tire,
Junkgeist,Poison,Ghost,115,108,80,90,80,38,511,Stench/Tetanus (Poison Touch/Technician),https://i.imgur.com/qZ8cs0e.png,https://i.imgur.com/3bmWN09.png,https://i.imgur.com/19pNmKB.png,https://voca.ro/14PvglmnYgCR,Genocity,Genocity,1.97 m,14 kg,Green,50/50,Monster/Amorphous,Does Not Evolve,Junk + Poltergeist,
Foxcet,Steel,Poison,79,51,110,101,63,106,510,Poison Point/Storm Drain (Liquid Ooze/Pollution),,,,,The Fiend,The Fiend,0.91 m,25 kg,Purple,50/50,Amorphous/Field,Does Not Evolve,Fox + Faucet + Faux,
Yardstein,Steel,Ghost,73,118,118,75,70,24,478,Short Circuit (Motor Drive/Scrappy),,,,,Jewipede,Zac & The Fiend,2.41 m,146.5 kg,Grey,Genderless,Mineral,Does Not Evolve,Junkyard + Frankenstein (As in the monster),
Onusalt,Rock,Normal,55,41,74,64,57,34,325,Dry Skin/Rough Skin (Purifying Salt/Shell Armor),https://i.imgur.com/g56qEVE.png,https://i.imgur.com/7qGKsFk.png,,,YanVCV,YanVCV,0.6 m,60.6 kg,Blue,50/50,Amorphous/Field,Lvl 33,Onus + Salt,
Ghastropod,Rock,Ghost,79,71,118,109,94,56,527,Dry Skin/Cursed Body (Purifying Salt/Weak Armor),https://i.imgur.com/g56qEVE.png,https://i.imgur.com/vNOMvsj.png,,https://voca.ro/1JjLwtwo9nsL,YanVCV,YanVCV,1.8 m,333 kg,Purple,50/50,Amorphous/Field,Does Not Evolve,Ghast + Gastropod,
Weatherbane,Steel,Flying,80,64,112,128,96,48,528,Storm Shelter (Iron Barbs/Lightning Rod),https://i.imgur.com/RJ2o3hL.png,https://i.imgur.com/SgDljPq.png,https://i.imgur.com/kRhR5YU.png,https://voca.ro/1hdG1n6wJr2F,SomeArsej,Zac,0.9 m,32 kg,Gray,87.5/12.5,Flying/Mineral,Does Not Evolve,Weathervane (like those metal bird statues atop the rooves of barnhouses) + Bane (the scourge to your exisence),
Cyclonian,Flying,Steel,64,96,48,128,80,112,528,Beam Boost (Sniper/Compound Eyes),https://i.imgur.com/0XWHajK.png,https://imgur.com/a/6Vz1EOb,https://i.imgur.com/ETm3n22.png,https://voca.ro/1nrcpOHQM2R3,SomeArsej,-,1.2 m,3.2 kg,Purple,87.5/12.5,Amorphous/Mineral,Does Not Evolve,Cyclone + Cyclopean (a term to refer something as resembling a cyclops),
Meatier,Rock,Fighting,53,61,36,30,51,69,300,Sturdy/Synchronize (Weak Armor/Sand Force),,,,,Zac,Zac,1.7 m,39.4 kg,Brown,50/50,Mineral/Field,Lvl 20,lol meatier,
Tunghaska,Rock,Fighting,75,97,56,35,72,80,415,Sturdy/Synchronize (Weak Armor/Sand Force),,,,,Zac,Zac,3.1 m,67.9 kg,Brown,50/50,Mineral/Field,Lvl 40,Tunguska (As in the Tunguska event) + Ghast,
Braxitytan,Rock,Fighting,97,134,76,40,97,101,545,Sturdy/Synchronize (Weak Armor/Sand Force),,,,https://voca.ro/1cHuvug8Njba,Zac,Zac,3.6 m,284.7 kg,Brown,50/50,Mineral/Field,Does Not Evolve,"Braxie (Nickname for the Flatswood monster) + Tyto (Genus of barn owls, the most common explanation for the Flatwoods monster) + Titan",
Doomter,Steel,,55,70,70,70,20,15,300,Quick Draw/Sousaphone (Mega Launcher/Concert),https://i.imgur.com/TvCfMwa.png,https://i.imgur.com/if6O081.png,https://i.imgur.com/9sVjo9W.png,https://voca.ro/175q9IkTZDY5,The Fiend,Zac,0.4 m,6.3 kg,Yellow,100% Male,Monster/Water 3,Lvl 44,Doom + doot (Onomatopoeia of a trumpet from Mr. Skeltal) + -er,
Horntuba,Steel,,95,105,108,110,93,29,540,Quick Draw/Sousaphone (Mega Launcher/Concert),https://i.imgur.com/oHS0RVi.png,https://i.imgur.com/QparAlQ.png,https://i.imgur.com/yOIk2al.png,https://voca.ro/1kFUsJzNKPkb,Zac,Zac,2.7 m,236 kg,Yellow,100% Male,Monster/Water 3,Does Not Evolve,"Horntuba may be a combination of ""Horn"" and Tuba"" (also HORNY)",
Sanickel,Ground,Poison,49,42,101,46,40,32,310,Oblivious/Shell Armor (Steelworker/Immunity),https://imgur.com/wlwhqaR,https://i.imgur.com/q8QX1JV.png,https://imgur.com/igaoj3x,,YanVCV,YanVCV,0.4 m,3.3 kg,Yellow,50/50,Amorphous/Water 1,Lvl 29,Sand + Nickel (A play on sand dollar),
Skoxious,Water,Poison,79,86,115,81,75,61,497,Oblivious/Iron Barbs (Steelworker/Poison Heal),https://imgur.com/wlwhqaR,https://imgur.com/a/djV0vjs,https://imgur.com/jofrUUV,https://voca.ro/1fGaVhRrtY78,YanVCV,YanVCV,0.9 m,37.2 kg,Yellow,50/50,Amorphous/Water 1,Does Not Evolve,Skol (As in the alcohol brand) + Noxious,
Rootchew,Ground,Water,71,92,67,78,67,50,425,Damp/Sap Sipper (Hustle/Mimicry),https://i.imgur.com/WLQj29U.png,https://i.imgur.com/IezBdbL.png,https://i.imgur.com/g0Zjfl7.png,,Zac,Zac,0.7 m,66 kg,Brown,50/50,Field,X,"Rootchew may be a combination of ""Root"" and ""Chew""",
Toofgrew,Ground,Grass,96,138,100,91,85,30,540,Regenerator/Strong Jaw (Hustle/Mimicry),https://i.imgur.com/Z22udP9.png,https://i.imgur.com/fXB0J6o.png,https://i.imgur.com/mDeZ4MK.png,,Zac,Zac,2.14 m,214 kg,Brown,50/50,Field,Lvl 40,Toof (like teeth) + Grew (like grew),
Hognaw,Ground,Normal,148,110,68,107,68,39,540,Thick Fat/Sap Sipper (Hustle/Unburden),https://i.imgur.com/zuDw79H.png,https://i.imgur.com/LLfnSG5.png,https://i.imgur.com/CVIO40r.png,,Zac,Zac,1.9 m,397.6 kg,Brown,50/50,Field,Leaf Stone on Rootchew,Hog (BECAUSE HE EATS LIKE A PIG) + gnaw,
Fryzzle,Electric,Water,54,62,39,121,53,28,357,Static/Damp (Lightning Rod/Teravolt),,,,,Zac,Zac,1.2 m,94.4 kg,Black,50/50,Water 2,Lvl 33,"Fry (To electrocute something, also the name for baby fish) + Frizzle / Fizzle",
Carpedian,Electric,Water,134,102,79,85,103,34,537,Static/Damp (Oblivious/Mold Breaker),,,,https://voca.ro/1awOvgBXBKNg,Zac,Zac,3.3 m,426.2 kg,Blue,50/50,Water 2,Does Not Evolve,"Carp + ""Carpe diem"" (A Latin phrase meaning seize the day) + Dian (Electricity in Chinese)",
Voltocor,Electric,,51,75,48,50,46,45,315,Volt Absorb/Frisk (Multiscale/Electric Surge),https://i.imgur.com/3vyAKFW.png,https://i.imgur.com/g2eCACQ.png,,,Zac,Zac,0.21 m,6.3 kg,Green,50/50,Dragon/Monster,Lvl 23,Volt + Unknown,
Volbrat,Electric,,60,85,60,55,50,100,410,Volt Absorb/Frisk (Multiscale/Electric Surge),https://i.imgur.com/3vyAKFW.png,https://i.imgur.com/W9cZyMJ.png,,https://voca.ro/1kKTcHy9REDb,Zac,Zac,0.9 m,42 kg,Green,50/50,Dragon/Monster,Lvl 40,Volt + Brat,
Voliath,Electric,Dragon,88,118,94,61,87,95,543,Volt Absorb/Frisk (Multiscale/Electric Surge),https://i.imgur.com/8NSzWns.png,https://i.imgur.com/h6XVXOW.png,https://i.imgur.com/eyJQvTJ.png,https://voca.ro/1fhiEK91XIU4,CAPSLOCK PRIME,Zac,1.9 m,278 kg,Green,50/50,Dragon/Monster,Does Not Evolve,Volt + Goliath,
Seaman,Water,,89,46,45,60,57,59,356,Oblivious (Marvel Scale/Swift Swim),,,,,Zac,Zac,1.8 m,70.3 kg,Blue,87.5/12.5,Monster/Water 2,Lvl 48,"Seaman may be a combination of ""Sea"" and ""Man""",
Barabyss,Water,,89,131,80,95,72,79,546,Pressure (Stamina/Swift Swim),,,,,Zac,Zac,10.8 m,700.3 kg,Blue,87.5/12.5,Monster/Water 2,Does Not Evolve,Bara + Abyss + Barabas,
Strollge,Normal,Fairy,95,95,90,70,105,55,510,Prankster (Levitate/Magnet Pull),https://i.imgur.com/yWtDCZp.png,https://i.imgur.com/8R0QrXX.png,https://i.imgur.com/D9cVh3z.png,https://voca.ro/1i87Ixrstnmy,Genocity,Genocity,2.2 m,72 kg,Green,50/50,Human-Like,Does Not Evolve,Stroll + Trollge,
Tadpoison,Poison,,40,55,50,60,43,75,323,Liquid Ooze (Corrosion/Swift Swim),https://i.imgur.com/k4t7qf7.png,https://i.imgur.com/QGwZgjo.png,https://i.imgur.com/hP615ch.png,,Clown,-,0.6 m,2.2 kg,Purple,87.5/12.5,Water 1,Lvl 16,Tadpole + Poison,
Bretkhelm,Poison,Dragon,84,60,70,85,53,53,405,Liquid Ooze (Corrosion/Intimidate),https://i.imgur.com/k4t7qf7.png,https://i.imgur.com/8TIbDHw.png,https://i.imgur.com/QwEICDy.png,,Clown,HumbleP,1 m,66 kg,Purple,87.5/12.5,Water 1,Lvl 36,BretkocÃ« (Albanian for frog) + helmet (derived from frog helmet?),
Berfgoyle,Poison,Dragon,110,75,100,115,65,65,530,Liquid Ooze (Merciless/Intimidate),https://i.imgur.com/k4t7qf7.png,https://i.imgur.com/jaPP7q0.png,https://i.imgur.com/BmqRiQr.png,,Clown,GML,1.6 m,120 kg,Purple,87.5/12.5,Water 1,Does Not Evolve,Berf (may be a mispelling of barf) + Gargoyle,
Flubunny,Fairy,Psychic,65,30,49,49,65,60,318,Immunity (Huge Power/Comatose),https://i.imgur.com/QzISu0F.png,https://i.imgur.com/JYdjxEs.png,https://i.imgur.com/gMSzjW6.png,,Clown,Con,0.4 m,8.2 kg,Yellow,87.5/12.5,Field,Lvl 16,Fluffy + Bunny,
Lepooze,Fairy,Psychic,80,45,63,65,80,72,405,Immunity (Huge Power/Comatose),https://i.imgur.com/QzISu0F.png,https://i.imgur.com/O9W69FC.png,https://i.imgur.com/qJXYZEA.png,,Clown,-,0.7 m,20.4 kg,Yellow,87.5/12.5,Field,Lvl 36,Lepus + Snooze,
Lunabbit,Fairy,Psychic,105,65,65,95,115,85,530,Immunity (Huge Power/Comatose),https://i.imgur.com/QzISu0F.png,https://i.imgur.com/zu0yfSY.png,https://i.imgur.com/KRctCiE.png,,Clown,Clown,1 m,36.6 kg,Yellow,87.5/12.5,Field,Does Not Evolve,Lunar/Luna (the moon) + Rabbit,
Helmata,Ground,,40,70,40,58,40,70,318,Color Change (Technician/Protean),https://i.imgur.com/lLpcusc.png,https://i.imgur.com/vaTG78w.png,https://i.imgur.com/ivVXEea.png,,Clown,-,0.5 m,12 kg,Brown,87.5/12.5,Dragon,Lvl 16,Helmet + ata (same thing as Magmata probably),
Punkuyu,Ground,Fighting,55,85,60,60,60,85,405,Color Change (Guts/Protean),https://i.imgur.com/lLpcusc.png,https://i.imgur.com/VS3yYds.png,https://i.imgur.com/a0zN7xb.png,,Clown,-,0.8 m,40.6 kg,Brown,87.5/12.5,Dragon,Lvl 36,Punky/Punk + idk,
Chamelee,Ground,Fighting,70,125,65,105,65,100,530,Color Change (Guts/Protean),https://i.imgur.com/lLpcusc.png,https://i.imgur.com/NTlqnRb.png,https://i.imgur.com/07HHA50.png,,Clown & Zac,Zac,1.2 m,66.8 kg,Brown,87.5/12.5,Dragon,Does Not Evolve,Chameleon/Champion + Melee,
Camerex,Electric,Steel,80,71,80,80,62,125,498,Keen Eye/Filter (Intimidate/Dazzling),,,,,Zac,Zac,0.6 m,217.7 kg,Blue,50/50,Monster/Mineral,Does Not Evolve,Camera + T-rex,
Tamanaut,Psychic,,54,65,56,65,48,45,333,Pickup/Download (Plus/Minus),,https://i.imgur.com/kvztfKG.png,,https://voca.ro/1hDg0C3ioyt1,Zac,Zac,0.41 m,21.3 kg,Red,50/50,Amorphous,X,Tama (As in Tamagotchi) + Naut,
Starhiro,Psychic,Fighting,82,120,70,79,58,114,523,Illuminate/Justified (Lightining Rod/Neuroforce),https://i.imgur.com/SKeMCx3.png,https://i.imgur.com/CJF94SN.png,,https://voca.ro/19kquttn8gXR,Zac,Zac,2.87 m,87.8 kg,White,50/50,Amorphous/Human-Like,Dawn Stone on Tamanaut,Star + Hero,
Doubtlaw,Psychic,Ghost,68,80,85,127,68,95,523,Dark Aura/Moxie (Flare Boost/Neuroforce),https://i.imgur.com/IoDhKEc.png,https://i.imgur.com/i0rKQ1M.png,,https://voca.ro/1gKlqLUgKe8s,Zac,Zac,2.46 m,103.5 kg,Purple,50/50,Amorphous/Human-Like,Dusk Stone on Tamanaut,Doubt + Outlaw,
Adentity,Electric,Ghost,85,99,101,129,69,61,544,Insomnia/Dazzling (Shadow Tag/Magnet Pull),,,,,NeyOkaou,NeyOkaou,2 m,50 kg,White,Genderless,Amorphous/Mineral,Does Not Evolve,Advertise/Advertisement + Identity,
Polybrawn,Electric,Fighting,128,80,64,96,48,112,528,Protean (Trace/Prism Armor),https://i.imgur.com/bYlCnPl.png,https://i.imgur.com/Yd2dCae.png,,,Zac,Zac,1.95072 m,64 kg,Red,Genderless,Ditto,Does Not Evolve,Polygon (As in Fighting Polygon Team) + Brawn,
Wattitude,Electric,,55,92,67,105,87,125,531,Static/Transistor (Battery/Teravolt),https://i.imgur.com/swqNI1S.png,https://i.imgur.com/sDyTnCX.png,https://i.imgur.com/jiBJV9r.png,https://voca.ro/1fgeTFjKPMNB,Genocity,Genocity,0.8 m,0.3 kg,White,Genderless,Amorphous,Does Not Evolve,Watt (like the electric thing) + Attitude,
Winkhulu,Dark,,65,70,45,70,45,60,355,Infiltrator/Keen Eye (Levitate/Emergency Exit),https://imgur.com/a/tx7QMRT,https://imgur.com/a/vJeTdOZ,,https://voca.ro/1bPuHAPeiF93,YanVCV,NeyOkaou,1.0 m,107.9 kg,Red,Genderless,Monster,X,Wink + Cthulhu (As in Eye of Cthulhu),
Temawria,Dark,Steel,102,122,82,52,72,102,532,Infiltrator/Chlorophyll (Sheer Force/Anger Point),https://imgur.com/a/7pJXFBO,https://imgur.com/a/F9FD8Y0,,https://voca.ro/1gZUfmwUur6F,Jewipede,NeyOkaou,3.6 m,482.3 kg,Red,Genderless,Monster,Cursed Fang,Terraria + Maw,
Retwina,Dark,Steel,102,52,92,112,82,92,532,Infiltrator/Chlorophyll (Tinted Lens/Berserk),https://imgur.com/a/7pJXFBO,https://imgur.com/a/9koRcMb,,https://voca.ro/1a5nhwMqSpjX,Jewipede,NeyOkaou,3.6 m,482.3 kg,Red,Genderless,Monster,Crimson Lens,Retina + Twin,
Hookling,Dragon,,45,55,50,55,50,75,330,Quick Feet/Sap Sipper (Stench/Queenly Majesty),,,,,C3ll,NeyOkaou,0.5 m,1.7 kg,Red,100% Female,Dragon/Monster,Level Up holding a Dragon Scale,Hooktail (As in the boss from Paper Mario: TTYD) + -ling (Used as a typical denotion for smaller / younger things),
Fractyvern,Dragon,Psychic,77,65,70,128,70,110,520,Static/Madman (Levitate/Berserk),,,,,C3ll,NeyOkaou,95.7 m,1037.6 kg,Red,Genderless,Dragon/Monster,Does Not Evolve,Fracktail (As in the boss from Super Paper Mario) + Wyvern,
Dogan,Poison,,65,75,90,60,45,45,380,Poison Touch/Neutralizing Gas (Adaptability/Marvel Scale),,,,,Zac,Zac,,,Purple,50/50,Dragon/Flying,Level Up holding a Dragon Scale,Corroption of Dogars + Smogon,
Smogars,Poison,Dragon,95,111,71,97,71,75,520,Poison Touch/Neutralizing Gas (Adaptability/Marvel Scale),https://i.imgur.com/sUa93Qt.png,https://i.imgur.com/SM6RO1X.png,https://i.imgur.com/nWZ7gdR.png,https://voca.ro/1af7X6yiUsO8,AbyssalLeviathan,Zac,1.6 m,81 kg,Purple,50/50,Dragon/Flying,Does Not Evolve,Smog (just like Smogaroben & Smoxilon) + DOGARS,
Vanitwin,Normal,,62,115,60,115,40,111,503,Download (Protean/Mimicry),,,,,Zac,Zac,1.4 m,49.8 kg,Black,50/50,Amorphous/Human-Like,Does Not Evolve,Vanity / Vanish + Twin,
Bubbasaur,Fairy,,77,65,32,65,65,32,336,Gluttony/Cheek Pouch (Misty Surge/Water Veil),https://i.imgur.com/hUvsMHR.png,https://imgur.com/a/is1D21r,,https://voca.ro/1auLn1Rv549A,SomeArsej,-,0.6 m,32 kg,Pink,25/75,Amorphous/Fairy,Trade for Envile,Bubble + Dinosaur,
Bungaloon,Fairy,Poison,111,95,64,95,95,64,524,Gluttony/Thick Fat (Misty Surge/Water Bubble),https://i.imgur.com/V41M8Gf.png,https://i.imgur.com/gc0WeRn.png,https://i.imgur.com/W9d6Fit.png,https://voca.ro/1kHhNsfE6pHS,SomeArsej,Genocity & SomeArsej,1.1 m,64 kg,Pink,25/75,Amorphous/Fairy,Does Not Evolve,Bungalow + Balloon,
Envile,Dark,,32,77,65,32,65,65,336,Corrosion/Levitate (Dark Aura/Sniper),https://i.imgur.com/4yIicmf.png,https://i.imgur.com/viL3P85.png,,,SomeArsej,GML,0.6 m,0.3 kg,Purple,75/25,Amorphous/Monster,Trade for Bubbasaur,Envy + Vile + Reptile,
Kaustikrok,Dark,Poison,64,111,95,64,95,95,524,Corrosion/Shed Skin (Dark Aura/Merciless),https://i.imgur.com/tNWgtok.png,https://i.imgur.com/Y1PAsl5.png,https://i.imgur.com/oj5PBcb.png,,SomeArsej,Zac & Clown,1.4 m,56 kg,Purple,75/25,Amorphous/Monster,Does Not Evolve,Caustic (with a k) + Croc (with a k),
Impfection,Poison,,90,85,70,100,70,70,485,Serene Grace/Curious Medicine (Corrosion/Speed Boost),https://i.imgur.com/mXsbfQb.png,https://i.imgur.com/9tgXrkZ.png,https://i.imgur.com/d2XyKWT.png,https://voca.ro/11Pt1WBMQY8p,Genocity,-,0.7 m,20.2 kg,Purple,50/50,Amorphous/Fairy,Does Not Evolve,Imp (lil gremlin fella) + Infection,
Inkrow,Poison,Flying,55,54,60,70,51,42,332,Liquid Ooze/Sticky Hold (Trace/Curious Medicine),https://imgur.com/ml9fOJS,https://imgur.com/a/FdNtLJL,,,Guy,-,0.3 m,3.4 kg,Purple,50/50,Flying/Amorphous,Lvl 28,Ink + Crow,
Liquill,Poison,Flying,65,65,75,85,66,49,405,Liquid Ooze/Sticky Hold (Trace/Curious Medicine),https://imgur.com/ml9fOJS,https://imgur.com/a/vheq1ab,,,Guy,-,0.8 m,7.9 g,Purple,50/50,Flying/Amorphous,Lvl 38,Liquid + Quill,
Ravarnish,Poison,Flying,85,86,100,95,81,61,508,Liquid Ooze/Sticky Hold (Trace/Neutralizing Gas),https://imgur.com/ml9fOJS,https://imgur.com/a/8Z9wxan,,,Guy,-,1.7 m,41.4 kg,Purple,50/50,Flying/Amorphous,Does Not Evolve,Raven + Varnish,
Jumblegore,Poison,Psychic,88,111,88,55,88,66,496,Clear Body/Transfusion (Flash Fire/Gooey),,,,,OldManHobo,-,15.3 m,557.7 kg,Red,50/50,Monster/Field,Does Not Evolve,,
Jumblinart,Poison,Psychic,99,55,77,111,77,77,496,Clear Body/Transfusion (Water Absorb/Gooey),,,,,OldManHobo,-,15.3 m,557.7 kg,Blue,50/50,Monster/Field,Does Not Evolve,,
Knitten,Normal,,35,25,100,25,100,5,290,Tangled Feet (Tangling Hair/Iron Barbs),https://i.imgur.com/3GjALHi.jpg,https://i.imgur.com/oZuKQNu.png,https://i.imgur.com/Imyxb1u.png,,Jewipede,Zac,0.3 m,0.8 kg,Gray,50/50,Field/Monster,X,Knit/Knitting + Kitten,
Sabsute,Normal,,100,65,110,65,110,50,500,Cute Charm (Fluffy/Friend Guard),https://i.imgur.com/588JgZR.png,https://i.imgur.com/CZrUlq8.png,https://i.imgur.com/Tx2Otbz.png,https://voca.ro/1ikipHivZu9s,Genocity,Genocity,0.4 m,3.1 kg,Green,50/50,Field/Monster,High Friendship,Substitute (like the thing from pokemon) + Cute,
Dollghost,Normal,Ghost,65,60,140,60,140,35,500,Cursed Body (Run Away/Unaware),https://i.imgur.com/hkejP5n.png,https://i.imgur.com/QDJ6UDq.png,https://i.imgur.com/KVc2lVs.png,,Abel,Abel,0.4 m,2.8 kg,Pink,50/50,Field/Monster,Moon Stone,"Dollghost may be a combination of ""Doll"" and ""Ghost""",
Parmiausan,Normal,,115,80,72,50,72,105,494,Aroma Veil/Pickup (Unaware/Cute Charm),,,,,Genocity,Genocity,0.5 m,5 kg,Yellow,50/50,Field/Fairy,Does Not Evolve,Parmesan (Like the cheese) + Miau (Like the sound that cats make),
Pascal,Dark,Normal,52,105,20,40,60,40,317,Unnerve/Cute Charm (Strong Jaw/Fur Coat),https://i.imgur.com/it31QTD.png,https://i.imgur.com/JUp4epB.png,https://i.imgur.com/5ytJDj1.png,,Zac,Zac,0.3 m,3.3 kg,White,50/50,Amorphous/Field,Dusk Stone,Pavlov (in reference to Ivan Pavlov's dog experiments) + rascal,
Korokami,Dark,Normal,85,125,65,85,75,100,535,Unnerve/Intimidate (Strong Jaw/Fur Coat),https://i.imgur.com/ILXtArY.png,https://i.imgur.com/eiPTEjw.png,https://i.imgur.com/Q6ByDsU.png,,Spectralized & Emillight,Zac,1.6 m,52 kg,Black,50/50,Amorphous/Field,Does Not Evolve,Korosu (To kill or killer dog) + Kami (God),
Flockarrion,Ghost,Flying,47,60,90,65,78,30,370,Overcoat/Aniticipation (Soul-Heart/Merciless),https://imgur.com/TDmom5w,https://imgur.com/EJsjRdl,,,Frozen Seraphim,Zac,0.4 m,15.8 kg,Black,50/50,Flying/Monster,Lvl 41,Flock + Carrion (Decaying or dead animal flesh),
Sepulture,Ghost,Flying,78,91,133,97,111,40,550,Overcoat/Aniticipation (Soul-Heart/Merciless),https://imgur.com/TDmom5w,https://imgur.com/tIwiQJ7,,,Frozen Seraphim,Zac,1.8 m,40.8 kg,Black,50/50,Flying/Monster,Does Not Evolve,Sepulcher (Like a burial place/tomb) + Vulture,
Magghost,Bug,Ghost,30,25,33,60,51,51,250,Run Away/Keen Eye (Swarm/Shadow Shield),https://i.imgur.com/GMdub7Y.png,https://i.imgur.com/V4de4gl.png,https://i.imgur.com/rOuJosP.png,,Spectralized,-,0.2 m,1.4 kg,Black,50/50,Bug,Lv 12,Maggot + Ghost,
Coccurn,Bug,Ghost,63,50,76,60,61,25,335,Shed Skin/Compound Eyes (Swarm/Shadow Shield),https://i.imgur.com/Ww5Y1Yh.png,https://i.imgur.com/xFaqpmO.png,https://i.imgur.com/4UsPhXB.png,,Spectralized,-,0.6 m,5 kg,Black,50/50,Bug,Lv 28,Cocoon + Urn (a jar where ashes of the dead are kept),
Phamothom,Bug,Ghost,66,66,66,122,88,88,496,Shield Dust/Compound Eyes (Swarm/Shadow Shield),https://i.imgur.com/MncKfSi.png,https://i.imgur.com/Ik5lcko.png,https://i.imgur.com/OoOrN73.png,,Spectralized & Abel,Zac,0.9 m,17 kg,Black,50/50,Bug,Does Not Evolve,Phantom + Moth,
Ganglython,Psychic,Bug,70,103,48,31,62,135,449,Brain Power (Own Tempo/Transfusion),,,,,The Fiend,-,1.92 m,106.17 kg,Pink,50/50,Monster,Does Not Evolve,,
Moblin,Dark,,60,70,65,50,50,55,350,Moxie/Mold Breaker (Run Away/Wimp Out),https://i.imgur.com/uZPByHj.png,https://i.imgur.com/hHl0Lek.png,,https://voca.ro/15mDEPOMHcCT,Sylph,Zac,1.0 m,39.8 kg,Black,100% Male,Dragon/Human-Like,Lvl 20,Mob (both as in the crime organization and ganging up on someone) + Goblin,
Fangster,Dark,,70,90,75,60,60,70,425,Moxie/Mold Breaker (Bulletproof/Emergency Exit),https://i.imgur.com/6lVBxMw.png,https://i.imgur.com/C4hJe1Z.png,,https://voca.ro/156tfCEfJ3BY,SomeArsej,Zac,1.4 m,67 kg,Black,100% Male,Dragon/Human-Like,Lvl 40,Fang + Gangster,
Mafiadon,Dark,Dragon,100,125,100,70,70,75,540,Moxie/Mold Breaker (Guts/Intimidate),https://i.imgur.com/OkpikUo.jpg,https://i.imgur.com/2YZtgDO.png,https://i.imgur.com/gjBq8tB.png,https://voca.ro/119UHnQDbjkC,CAPSLOCK PRIME,Zac,2.4 m,282 kg,Black,100% Male,Dragon/Human-Like,Does Not Evolve,Mafia (like the italian crime organization) + Don (A common end to dinosaur/draconic Pokemon names),
Gharroste,Ghost,Dark,60,40,136,30,116,115,497,Shadow Tag (Hustle/Sheer Force),,,,https://voca.ro/1gIKnnYaz2rF,The Fiend,Zac,15.5 m,40.1 kg,Purple,50/50,Undiscovered,Does Not Evolve,"Ghost + Gharrote (To strangle someone, usually with a thin length of wire or chord)",
Fleurrium,Steel,Grass,35,80,30,50,20,80,295,Super Luck/Iron Barbs (Leaf Guard/Stakeout),https://i.imgur.com/68SlAXg.png,https://i.imgur.com/BGD8FwK.png,,,The Fiend,Zac,0.2 m,1 kg,Green,50/50,Flying,Lvl 36,Fleur (French for flower) + Titanium,
Cristanium,Steel,Grass,50,111,69,90,65,120,505,Super Luck/Sniper (Leaf Guard/Stakeout),https://i.imgur.com/rb2Fqwp.jpg,https://i.imgur.com/4JkCvGu.png,https://i.imgur.com/15B2mYQ.png,,Emillight,Zac,0.7 m,20.1 kg,Green,50/50,Flying,Does Not Evolve,"Corruption of ""Chrysanthemum"" + ""Titanium""",
Bambuya,Grass,Normal,67,50,111,103,67,103,501,Heatproof/Super Luck (Huge Power/Serene Grace),,,,https://voca.ro/1f23kSZ7SjBj,The Fiend,The Fiend,4 m,90 kg,Green,25/75,Field/Grass,Does Not Evolve,Bamboo + Princess Kaguya,
Tokoyaki,Water,,80,40,75,85,40,60,380,Rain Dish/Hydration (Flame Body/White Smoke),https://i.imgur.com/GaXRx4J.png,https://i.imgur.com/zFccyS1.png,https://i.imgur.com/i9JuKT8.png,https://voca.ro/1bzaDYMMIOxL,Zac,Zac,0.8 m,42.8 kg,Red,50/50,Water 2/Mineral,Lvl 35,Toke (like when you smoke weed lmao) + Takoyaki (A Japanese dumpling style snack made of flour batter and octopus meat),
Onsenpura,Rock,Water,155,88,105,105,72,30,555,Rain Dish/Hydrothermal (Flame Body/Misty Surge),https://i.imgur.com/blNw8K0.png,https://i.imgur.com/rpT5n1S.png,https://i.imgur.com/atVL100.png,https://voca.ro/1cDMJ88FXdS4,Zac & Genocity,Zac,4.41 m,2241.3 kg,Red,50/50,Water 2/Mineral,Does Not Evolve,Onsen (Japanese hotsprings) + Tempura (Another Japanese seafood dish),
Peasol,Normal,Water,55,35,15,65,30,60,260,Infiltrator/Cloud Nine (Shower Power/Misty Surge),https://i.imgur.com/8djvj99.png,https://i.imgur.com/j6RWC7b.png,,,TheUngraciousOne ,-,0.2 m,0.1 kg,White,50/50,Amorphous/Human-Like,Lvl 22,Peasant but spelled funky,
Vaponobi,Normal,Water,80,70,40,75,45,95,405,Infiltrator/Cloud Nine (Shower Power/Defiant),https://i.imgur.com/7Zch92Q.png,https://i.imgur.com/Rg9Ni99.png,,,"TheUngraciousOne, GML",GML,0.7 m,1.4 kg,White,50/50,Amorphous/Human-Like,Lvl 47,Vapor + Shinobi,
Haarshogun,Normal,Water,120,130,80,100,60,65,555,Blademaster/Cloud Nine (Shower Power/Defiant),https://i.imgur.com/IwebfHY.png,https://i.imgur.com/2GM0b7E.png,https://i.imgur.com/UEzhl2z.png,,TheUngraciousOne & Genocity,Zac,2.1 m,107 kg,White,50/50,Amorphous/Human-Like,Does Not Evolve,Haar (a fog specifically from cold seas) + Shogun,
Simionach,Fighting,,100,105,85,69,105,65,529,Telepathy/Levitate (Zen Monke/Aura Break),https://i.imgur.com/SYkZW0F.png,https://i.imgur.com/uT9Nnem.png,https://i.imgur.com/zkBIWlF.png,,Genocity & Zac,Zac,1.54 m,31 kg,Yellow,50/50,Field/Human-Like,Does Not Evolve,Simian/Simia (Latin for monkey) + Monachus (A Latin term referring to a Monk or a person of religious order),
Epipheror,Psychic,,119,52,90,93,70,110,534,Forewarn/Frisk (Wonder Skin/Concert),,,,,Jewipede,Zac,1.81 m,90.91 kg,White,50/50,Amorphous,Does Not Evolve,Epitaph (As in the King Crimson song) + Emperor,
Leopawn,Fighting,,60,90,65,40,65,100,420,Hyper Cutter/Rattled (Blademaster/Sniper),,,,,Zac,Zac,1.2 m,41.2 kg,Purple,75/25,Human-Like,X,,
Devante,Fighting,Fairy,80,97,75,55,75,123,505,Hyper Cutter/Prankster (Blademaster/Quick Draw),,https://imgur.com/Ev58Oga,,https://voca.ro/113quztGgWwh,Bugs,Bugs,1.9 m,77.3 kg,Red,75/25,Human-Like,Dawn Stone on Leopawn,Devil + Dante (As in Dante from the Devil May Cry Series),
Vergilion,Fighting,Dark,80,135,90,55,75,70,505,Hyper Cutter/Justified (Blademaster/No Guard),,https://imgur.com/haTBzBV,,,Bugs,Bugs,1.96 m,80 kg,Blue,75/25,Human-Like,Dusk Stone on Leopawn,Corruption of Vergil (As in Vergil from the Special Edition Series),
Larvatrice,Flying,Dark,43,63,33,51,33,77,300,Reckless/Keen Eye (Hustle/Dragon's Maw),https://imgur.com/XhQtLM8,https://imgur.com/a/soy1KBs,,https://voca.ro/1mNlgw85aIIc,Kaiju,-,0.6 m,20.8 kg,Black,50/50,Flying/Monster,Lvl 22,Larva + Cockatrice,
Brashalisk,Flying,Dark,76,97,56,76,48,72,425,Reckless/Keen Eye (Hustle/Dragon's Maw),https://imgur.com/XhQtLM8,https://imgur.com/a/PhT3MHY,,https://voca.ro/1e7leke6DGdc,Kaiju,-,1.8 m,60.9 kg,Black,50/50,Flying/Monster,X,Brash + Basilisk,
Kokaiju,Flying,Dark,104,130,99,80,67,70,550,Battle Armor/Infiltrator (Defiant/Dragon's Maw),https://imgur.com/XhQtLM8,https://imgur.com/a/1WYCs5A,,https://voca.ro/11vW33V2i3G9,Kaiju,-,6.77 m,200.4 kg,Black,50/50,Flying/Monster,Lvl 38,Corruption of cockatrice + Kaiju,
Levititan,Flying,,114,87,67,129,76,77,550,Pressure/Early Bird (Super Luck/Air Lock),,https://imgur.com/a/5T0i6Nw,,https://voca.ro/17TMARhy7leA,Kaiju,-,6.77 m,200.4 kg,Black,50/50,Flying/Monster,Level Up holding a Sharp Beak,Levitate + Leviathan + Titan,
Medusith,Poison,Rock,84,50,84,123,84,100,525,Corrosion/Competitive (Jewelry/Regenerator),,,,,NeyOkaou,,,,,,,Does Not Evolve,Medusa (Like the famous gorgon) + Monolith (Like the big rock),
Mogumole,Ground,Dragon,73,111,70,70,69,100,493,Hustle/Rattled (Sand Rush/Super Luck),https://i.imgur.com/iYVzO2L.png,https://i.imgur.com/0XBM4Pl.png,,,Genocity,Zac,0.71 m,20.1 kg,Brown,50/50,Field/Dragon,Does Not Evolve,Mole,
Displacerk,Normal,Fire,72,110,61,62,99,115,519,Inner Focus/Long Reach (Illusion/Phantasmagoric),,,,,Rexcanyon792,The Fiend,1 m,25.8 kg,Black,50/50,Field/Monster,Does Not Evolve,Displacement beast (As in the thing from D&D) + Unknown,
Fabrinnial,Grass,Water,42,46,59,68,68,20,303,Water Absorb/Rain Dish (Triage/Flower Gift),,,,,Karma,Zac,0.7 m,27.9 kg,Blue,50/50,Grass/Amorphous,Lvl 22,"Fabricated (As in ""Fabricated World"") + Perennial (As in the flower)",
Canvellia,Grass,Water,50,63,73,99,99,32,416,Water Absorb/Rain Dish (Triage/Flower Gift),,,,,The Fiend,Zac,1.1 m,64.1 kg,Blue,50/50,Grass/Amorphous,Leaf Stone,Canvas + Camellia (As in the flower),
Guertenity,Grass,Water,64,76,109,127,127,39,542,Water Absorb/Rain Dish (Natural Cure/Flower Gift),,,,,The Fiend,Zac,1.6 m,94.5 kg,Blue,50/50,Grass/Amorphous,Does Not Evolve,Guertena (The central artist in IB) + Eternity,
Shroomalice,Grass,Psychic,95,25,75,125,75,80,475,Effect Spore/Infiltrator (Bad Dreams/Unnerve),,,,,NeyOkaou,NeyOkaou,2.5 m,100.22 kg,Pink,50/50,Field/Monster,Does Not Evolve,Shroom + Malice,
Sporestool,Fairy,,55,35,45,65,80,40,320,Effect Spore/Magician (Levitate/Fairy Aura),https://i.imgur.com/bqiEyd7.png,https://i.imgur.com/UTpbMHF.png,,https://voca.ro/1cl09vnt6rWi,Con,Con,0.2 m,6.4 kg,Pink,100% Female,Grass/Fairy,Fire Stone,Sporestool may be a combination of Spore and Stool,
Virtuita,Fairy,Fire,72,64,60,108,120,101,525,Healer/Magician (Levitate/Fairy Aura),,,,https://voca.ro/1fHcvEB6ZLaZ,Rexcanyon792,NeyOkaou,1.4 m,22.6 kg,Pink,100% Female,Grass/Fairy,Does Not Evolve,Virtue (As in Book of Virtues) + Some mushroom species I don't remember lol,
Meower,Grass,Water,57,64,58,70,52,64,365,Tough Claws/Rain Dish (Pickpocket/Solar Power),,,,,Zac,Zac,0.81 m,8.3 kg,Green,87.5/12.5,Monster/Water 3,Moon Stone,Meow + Flower,
Catation,Grass,Dark,75,81,67,117,80,109,529,Tough Claws/Rain Dish (Frisk/Solar Power),,,,,Zac,Zac,2.81 m,111.1 kg,Green,87.5/12.5,Monster/Water 3,Does Not Evolve,,
Fucker,Fighting,,65,125,80,45,60,90,465,Iron Fist (Scrappy/Swift Swim),https://i.imgur.com/sQhEHsl.png,https://i.imgur.com/pISCcZD.png,https://i.imgur.com/HfgB2FZ.png,https://voca.ro/18zJyyo2Q6aA,Abel,Zac,0.8 m,21.2 kg,Brown,50/50,Flying/Water 2,Does Not Evolve,Fish + Duck + Battler,
Mantasm,Ghost,,79,106,66,83,109,51,494,Intimidate/Levitate (Guts/Phantasmagoric),https://imgur.com/LApwnH7,https://imgur.com/WrZUcvi,https://imgur.com/6cuGGhG,,YanVCV,Zac,4.47 m,64.9 kg,Red,50/50,Water 2/Monster,Does Not Evolve,Manta + Phantasm,
Oryugami,Normal,Dragon,83,113,47,84,47,115,489,Normalize/Adaptability (Super Luck/Trace),,,,,The Fiend,Zac,1.4 m,6 kg,White,50/50,Monster/Field,Does Not Evolve,Origami + Ryu (As in dragon in Japanese),
Towhorse,Rock,Fighting,100,90,125,65,87,40,507,Stamina/Rough Skin (Speed Boost/Solid Rock),https://imgur.com/FEzuKPf,https://imgur.com/2IwkCxL,https://imgur.com/Y6tbCXF,,Monkey junkie74,Zac,11.9 m,3000 kg,Gray,50/50,Field/Monster,Does Not Evolve,Tower + Horse,
Yuukiino,Ice,,80,60,65,90,145,50,490,Oblivious/Queenly Majesty(Minus/Magic Guard),https://i.imgur.com/tAh78mI.png,https://i.imgur.com/J2KrBkc.png,https://i.imgur.com/CqkZ4UU.png,https://voca.ro/1nA7cLNxHO7b,Zac,Zac,1.4 m,111.7 kg,White,100% Female,Human-Like,High Friendship,"Yukino (Japanese word meaning ""to be like snow"") but with more vowels (very cool)",
Aquadiiva,Water,,80,62,88,121,112,77,540,Natural Cure/Immunity (Plus/Supportive),https://i.imgur.com/tAh78mI.png,https://i.imgur.com/KUKuY72.png,https://i.imgur.com/T2iGv3h.png,https://voca.ro/145cPPPijXEy,Zac,Zac,1.52 m,41 kg,Blue,100% Female,Human-Like,Does Not Evolve,Aqua + Diva (with more vowels) (very very cool),
Firvid,Ice,Grass,51,57,58,44,36,68,314,Slush Rush/Overcoat (Rough Skin/Grass Pelt),,,,,The Fiend,NeyOkaou,0.5 m,0.92 kg,Brown,50/50,Monster/Grass,Lvl 39,,
Cholefir,Ice,Grass,121,85,99,70,126,34,535,Snow Warning/Ice Body (Rough Skin/Grass Pelt),,,,,The Fiend,Zac,13.1 m,1322.8 kg,White,50/50,Monster/Grass,Does Not Evolve,,
Mamini,Normal,Ice,70,70,40,40,60,40,320,Thick Fat/Ice Body (Shaved Ice/Snow Cloak),https://i.imgur.com/Ie4YnN3.png,https://i.imgur.com/1Gb9RvT.png,,https://voca.ro/1fySvnvCIhnx,Spectralized & Frozen Seraphim,-,1.7 m,128 kg,Gray,75/25,Field/Monster,Lvl 40,Mammoth + Mini,
Mammount,Normal,Ice,110,130,95,65,65,50,515,Thick Fat/Ice Body (Shaved Ice/Snow Cloak),https://i.imgur.com/MZvE6je.png,https://i.imgur.com/Kh0xH61.png,https://i.imgur.com/AEtzFLd.png,https://voca.ro/17vuwl11r9Do,Spectralized & Zac,-,3.4 m,892 kg,Gray,75/25,Field/Monster,Does Not Evolve,Mammoth + Mountain,
Dubsnake,Ice,Poison,62,42,62,72,52,22,312,Competitive/Anger Point (Ice Body/Poison Point),https://i.imgur.com/WrB7sTd.png,https://i.imgur.com/l9x425H.png,,https://voca.ro/17OMT9hsmOGc,Sylph,Zac,1.4 m,111.1 kg,Gray,50/50,Dragon/Monster,Does Not Evolve,Double (checkem dubs) + Snake,
Hydroil,Water,Fire,92,82,102,112,92,42,522,Competitive/Anger Point (Drizzle/Drought),https://i.imgur.com/S3UNUV9.png,https://i.imgur.com/lvqQ3cX.png,https://i.imgur.com/MSqzkQ9.png,https://voca.ro/1aQ8BLHkkUO2,Sylph,Zac,2.2 m,222.2 kg,Blue,50/50,Dragon/Monster,Lvl 37,Hydra + Boil/Oil,
Coilspill,Ice,Poison,92,102,82,72,62,112,522,Defiant/Anger Point (Snow Warning/Corrosion),,,,,Sylph,Zac,3.9 m,300.11 kg,Grey,50/50,Dragon/Monster,Fire Stone,Coil + Oil Spill,
Kramberry,Ice,Grass,43,54,43,68,52,95,355,Magician/Pickpocket (Magic Guard/Soul-Heart),,,,,Frozen Seraphim,Zac,0.6 m,41.5 kg,Green,50/50,Grass/Human-Like,Lvl 35,Krampus + Cranberry,
Faustival,Ice,Grass,58,102,58,120,67,125,530,Magician/Pickpocket (Magic Guard/Soul-Heart),,,,,Frozen Seraphim,NeyOkaou & Zac,2.5 m,98.5 kg,Green,50/50,Grass/Human-Like,Does Not Evolve,Faust + Festival,
Pegui,Ice,,45,65,45,40,43,51,289,Cute Charm/Keen Eye (Friend Guard/Shaved Ice),https://i.imgur.com/clPFkhv.png,https://i.imgur.com/0iLcanq.png,https://i.imgur.com/8XrZ5Mr.png,,SomeArsej,-,0.4 m,5.2 kg,Blue,25/75,Water 1/Field,Lvl 20,"Possibly a cutesy mispelling of ""Penguin""",
Pechit,Ice,Dark,55,98,50,56,64,85,408,Justified/Blademaster (Slush Rush/Shaved Ice),https://i.imgur.com/fkFFPvP.png,https://i.imgur.com/W2vpWZc.png,https://i.imgur.com/Q3MmuFF.png,,SomeArsej,-,0.8 m,14 kg,Blue,25/75,Water 1/Field,Lv 40,Penguin + Chit (A british term that can refer to either a check/reciept for drinks or a foolish girl),
Copolar,Ice,Fighting,69,111,58,77,70,120,505,Justified/Blademaster (Slush Rush/Shaved Ice),https://i.imgur.com/iNye9Yw.png,https://i.imgur.com/3A1AgSX.png,https://i.imgur.com/qilMBsH.png,,SomeArsej,Zac & Clown,1.2 m,22 kg,Blue,25/75,Water 1/Field,Does Not Evolve,"Cold/""Cold Shoulder"" + Polar (like the place where it's cold)",
Wycern,Dragon,Ice,60,85,55,69,40,50,359,Refrigerate/Levitate (Ice Body/Ice Scales),https://i.imgur.com/AYv7Dss.png,https://i.imgur.com/8f018x4.png,,,Sylph,Zac,0.5 m,36 kg,White,87.5/12.5,Dragon/Monster,Lvl 45,Wyvern + Ice,
Bitteragon,Dragon,Ice,100,127,98,74,63,68,530,Refrigerate/Berserk (Ice Body/Ice Scales),https://i.imgur.com/AYv7Dss.png,https://i.imgur.com/kzDfw3u.png,https://i.imgur.com/6H5PxJo.png,https://voca.ro/1gKyOsubXNVS,Sylph & Zac,Zac,2 m,130 kg,White,87.5/12.5,Dragon/Monster,Does Not Evolve,Bitter (like bitter cold) + Dragon,
Arctiglobe,Ice,,87,49,152,64,129,29,510,Frozen Bunker,,,,,The Fiend,GML,3.1 m,999.5 kg,Black,Genderless,Mineral,Does Not Evolve,Arctic + Globe (As in a snow globe),
Vriskeleton,Dark,,48,118,58,128,48,118,518,Bone Zone/Super Luck (Degenerate/Truant),https://i.imgur.com/HSmHaV2.gifv,https://i.imgur.com/rPRGIHv.png,https://i.imgur.com/tziev2S.png,https://voca.ro/1lle6KqsSef8,Genocity,Genocity,1.34 m,40 kg,White,Genderless,Amorphous/Human-Like,Does Not Evolve,Vriska (like from homestuck) + Skeleton (sans),
Cofferule,Rock,Dark,126,145,76,82,59,45,533,Strong Jaw/Pickpocket (Solid Rock/Jewelry),,,,,Biches,Biches & Zac,1.1 m,323.8 kg,Gray,50/50,Mineral/Amorphous,Does Not Evolve,Coffer (like where you store all your money) + Rule/Ruler,
Garookie,Rock,,40,70,85,40,40,25,300,Solid Rock/Rock Head (Hustle/Pressure),https://i.imgur.com/D5JeeQD.png,https://i.imgur.com/vTFFRRg.png,,,SomeArsej,Zac,1.34 m,58.9 g,Gray,75/25,Flying/Mineral,Lvl 28,Gargoyle + Rookie,
Garble,Rock,,60,105,120,70,70,65,490,Solid Rock/Rock Head (Hustle/Sand Rush),https://i.imgur.com/D5JeeQD.png,https://i.imgur.com/Ik7ewaZ.png,,,SomeArsej,Zac,1.76 m,90.3 kg,Gray,75/25,Flying/Mineral,Lvl 40,Gargoyle + Marble,
Gargarramer,Rock,Flying,70,45,135,45,135,90,520,Stoneflesh,https://i.imgur.com/KdkLDmT.png,https://i.imgur.com/Yyaer6u.png,https://i.imgur.com/OckIF98.png,,Genocity,Genocity & Zac,2.4 m,125 kg,Gray,75/25,Flying/Mineral,Does Not Evolve,Gargoyle + Ram (verb) + -er (suffix),
Borkosmos,Fire,Flying,45,62,48,52,43,55,305,Cloud Nine/Solar Power (Magic Guard/Moxie),https://i.imgur.com/ZYlrCft.png,https://i.imgur.com/XJU1Ouh.png,https://i.imgur.com/Pe8qRGT.png,https://voca.ro/1iU1senRfsM1,Frozen Seraphim,Zac,0.3 m,0.7 kg,Purple,75/25,Amorphous/Field,Lvl 43,Bork (cutesy mispelling of Bark) + Cosmos,
Skallaxy,Fire,Flying,85,114,56,93,73,100,521,Cloud Nine/Eclipse (Magic Guard/Moxie),https://i.imgur.com/ZYlrCft.png,https://i.imgur.com/7lB2uXC.png,https://i.imgur.com/sVsNc6c.png,https://voca.ro/1aGQ7R9vxucV,Frozen Seraphim,Zac,3.4 m,221.7 kg,Purple,75/25,Amorphous/Field,Does Not Evolve,SkÃ¤ll (Bark in Swedish this time :^) + Galaxy,
Airuite,Flying,Water,41,53,45,61,55,90,345,Swift Swim/Shower Power (Multiscale/Liquid Voice),,,,,NeyOkaou,NeyOkaou,0.4 m,4 kg,Blue,50/50,Water 1/Flying,Lvl 26,,
Kaquapo,Flying,Water,101,79,70,95,80,70,495,Propeller Tail/Shower Power (Multiscale/Liquid Voice),,,,,NeyOkaou,NeyOkaou,1.0 m,40 kg,Blue,50/50,Water 1/Flying,Does Not Evolve,Kakapo + Aqua,
Piurette,Rock,Water,63,65,119,126,90,62,525,Water Absorb (Hustle/Innards Out),,,,,Martin,Genocity,2.32 m,342.1 kg,Brown,12.5/87.5,Mineral/Amorphous,Does Not Evolve,Piure (The common name of the pyura chilensis) + Pirouette,
Nebulite,Water,,40,26,61,65,65,41,298,Water Veil/Hydration (Regenerator/Serene Grace),,https://i.imgur.com/WU0F7Qp.png,https://i.imgur.com/FFZSl1T.png,,Zac,Zac,0.3 m,0.5 kg,Blue,50/50,Water 2/Field,Lvl 31,"Nebula + Lite (To denote a smaller version of something, pun off ""light"")",
Eccosmic,Water,Psychic,80,46,86,111,118,61,502,Wonder Skin/Hydration (Regenerator/Serene Grace),https://i.imgur.com/6wWGysQ.png,https://imgur.com/a/oayFtdr,https://i.imgur.com/IDhjg3F.png,https://voca.ro/1cKhNRIAbnEe,Genocity,Jimmy John Joe Jr.,2.59 m,97 kg,Blue,50/50,Water 2/Field,Does Not Evolve,Ecco (like ecco the dolphin) + Cosmic,
Lober,Dragon,Water,59,88,82,73,52,45,399,Hyper Cutter/Water Veil (Hydration/Compound Eyes),,,,,Zac,Zac,0.3 m,25.3 kg,Red,50/50,Water 2/Water 1,Level Up holding a Dragon Scale,Corruption of lobster,
Clobber,Dragon,Water,86,150,121,78,65,48,548,Hyper Cutter/Water Veil (Hydration/Compound Eyes),,,,https://voca.ro/1f0A4QjlVL2c,Zac,Zac,7.81 m,678.3 kg,Red,50/50,Water 2/Water 1,Does Not Evolve,"Clobber may be a combination of ""Clobber"" and """"",
Spiranha,Water,,65,75,60,40,40,75,355,Cursed Body/Rough Skin (Swift Swim/Keen Eye),https://i.imgur.com/IzWi07d.png,https://i.imgur.com/YlQ5rcE.png,https://i.imgur.com/efD9hsG.png,https://voca.ro/1cqkh7nBesbi,SomeArsej,HumbleP,0.8 m,34 kg,Black,Genderless,Amorphous/Water 2,X,Spirit + Piranha,
Selaghast,Water,Ghost,100,125,100,50,80,75,530,Cursed Body/Rough Skin (Rain Dish/Strong Jaw),https://i.imgur.com/3QoGsGT.png,https://i.imgur.com/ryXMDRH.png,https://i.imgur.com/MS2U7lW.png,https://voca.ro/1lHv2aQJuFqf,"Abel, Î²3Ã$T-_-, SomeArsej",-,2.8 m,208 kg,Black,Genderless,Amorphous/Water 2,Dusk Stone on Spiranha,Ghast/Ghastly + Selachimorpha (Scientific term for Sharks (ahahaha yes I am very cheap but it sounds cool!)),
Karkutlass,Water,Ghost,85,105,80,50,85,125,530,Cursed Body/Infiltrator (Swift Swim/Blademaster),https://i.imgur.com/tzCvTIm.png,https://i.imgur.com/SJSaDaW.png,https://i.imgur.com/a6uXbg2.png,https://voca.ro/1k8sPYgkFx28,SomeArsej,GML & SomeArsej,1.6 m,80 kg,Black,Genderless,Amorphous/Water 2,Water Stone on Spiranha,Carcass (spelled with a K) + Cut (also spelled with a k) + cutlass (so true),
Rendalopod,Water,Electric,103,79,68,115,85,65,515,Volt Absorb/Suction Cups (Analytic/Adaptability),https://imgur.com/ciQAPXH,https://imgur.com/nllOXL5,,https://voca.ro/16IMP8q1uW6J,Karma,-,9.28 m,325.97 kg,Blue,50/50,Water 1/Water 2,Does Not Evolve,Rend (As in Fishous Rend) + Cephalopod,
Saccestoda,Fairy,Poison,125,20,80,75,54,104,458,Gooey (Shed Skin/Regenerator),https://i.imgur.com/Q2agaKI.png,https://imgur.com/OwIPNuW,https://imgur.com/8N32u7C,,"Karma, shyguywarrior",Zac,0.51 m,4.0 kg,Green,50/50,Water 2/Field,Does Not Evolve,Saccharine + Cestoda (As in the scientific name for tapeworms),
Glucurs,Fairy,Fighting,125,93,97,20,57,66,458,Sweet Veil (Toxic Boost/Triage),https://i.imgur.com/UiJxG6W.png,https://imgur.com/KKAu7ct,https://imgur.com/qlY88a8,https://voca.ro/12xVVTErGA61,YanVCV,YanVCV,1.68 m,43.8 kg,Yellow,50/50,Monster/Field,Does Not Evolve,Glucose + Ursa (As in the Latin word for bear),
Amalgum,Fairy,Psychic,125,31,74,134,74,20,458,Overcoat (Immunity/Magic Guard),https://imgur.com/dtSV5Ur,https://imgur.com/cWvODKs,,,Zac,Zac,3.31 m,100.5 kg,Pink,50/50,Amorphous/Field,Does Not Evolve,Amalgam + Gum,
Occlone,Ground,Poison,116,105,72,38,38,123,492,Arena Trap/Sand Spit (Sand Veil/Levitate),,,,,The Fiend,,,,,,,Does Not Evolve,Occluded Front (Like the thing that starts cyclogenisis) + Cyclone + Ocular (Like the eye of a storm),
Jahl,Unknown,Ground,55,77,44,1,44,1,222,Iron Fist,,https://imgur.com/Jb9g9Ne,https://imgur.com/bHYnYhd,https://voca.ro/1h3EH7JKY1vh,Mr. Sableye ,Mr. Sableye & Karma,0.444 m,33.3 kg,White,50/50,Field,Lvl 33,"The meme ""fsjal"" but with more letters and also shorter",
Fusjahl,Unknown,Ground,88,111,88,55,88,14,444,Overeager,https://i.imgur.com/35CswS7.png,https://i.imgur.com/fUPNPYz.png,https://i.imgur.com/Jk5rJFO.png,https://voca.ro/1lmcAkcezsYc,Mr. Sableye ,Mr. Sableye,0.777 m,111 kg,White,50/50,Field,Does Not Evolve,"The meme ""fsjal"" but with more vowel",
EMEFFYUME,Fire,Steel,93,69,110,130,60,65,527,Full Metal Body/Iron Fist (Boombox/Turboblaze),,,,,General Washingtoad,Zac,1.9 m,95 kg,Red,87.5/12.5,Human-Like/Mineral,Does Not Evolve,Phonetic writing of MF DOOM + Fume,
Moltama,Fire,,55,35,88,60,34,10,282,Flash Fire/Magma Armor (Turboblaze/Sheer Force),https://i.imgur.com/7qb9wJk.png,https://i.imgur.com/ZbEh1OB.png,https://i.imgur.com/p45CJCx.png,,Zac,Zac,0.82 m,88.9 kg,Red,50/50,Mineral/Amorphous,Lvl 35,"Molten + -tama (baby-talk version of the Japanese suffix of -chama, which is itself a baby-talk version of the actual Japanese suffix -sama) (idk what else it could be man)",
Molterra,Fire,Ground,83,107,104,124,72,30,520,Flash Fire/Magma Armor (Turboblaze/Sheer Force),https://i.imgur.com/0xQd2l4.png,https://i.imgur.com/YAivXsa.png,https://i.imgur.com/SaUoE3Z.png,https://voca.ro/14zPTGqE0ZG8,Zac,Zac,2.3 m,322.8 kg,Red,50/50,Mineral/Amorphous,Does Not Evolve,Molten + Terra (Like Terrain/Territory) Terror :^),
Fettorch,Fire,,41,53,44,21,42,62,263,Arena Trap/No Guard (Analytic/Bulletproof),,,,,The Fiend,Zac,,,,75/25,Monster,Lvl 24,Fettered + Torch,
Manicle,Fire,,61,98,58,36,49,101,403,Arena Trap/No Guard (Analytic/Bulletproof),,,,,The Fiend,Zac,,,,75/25,Monster,Pilfered Flame,Manic + Shackle,
Shaikle,Fire,Dark,141,113,128,56,66,26,530,Soundproof/Heatproof (Analytic/Overcoat),,,,,The Fiend,NeyOkaou & The Fiend,1.7 m,521 kg,Blue,75/25,Monster,Does Not Evolve,Shaitan (An evil spirit) + Shackle,
Trickling,Dark,Fairy,71,67,65,71,45,46,365,Prankster/Madman (Stop Sign/Anger Point),https://i.imgur.com/euNrAE3.png,https://i.imgur.com/WnHg85T.png,,https://voca.ro/1mfBjZRI1Ct1,Abel,-,0.8 m,7.5 kg,White,100% Male,Dragon/Amorphous,Level Up holding a Dragon Scale,"Tricky (Like Tricky the Clown from Madness Combat) + -ling (referring to anything small or apart of a group, a la youngling)",
Draklown,Dark,Dragon,92,117,78,107,69,87,550,Prankster/Madman (Stop Sign/Anger Point),https://i.imgur.com/euNrAE3.png,https://i.imgur.com/DN2Exut.png,https://i.imgur.com/32jeiJo.png,https://voca.ro/1glU8PrU46Uf,Abel,Zac & Clown,1.4 m,76.5 kg,Green,100% Male,Dragon/Amorphous,Does Not Evolve,Dragon/Drake + Clown with a K,
Drattel,Steel,Dragon,60,60,65,65,40,35,325,Heatproof/Light Metal (Lightning Rod/Mold Breaker),https://i.imgur.com/OfaiNMB.jpg,https://i.imgur.com/lefMrd1.png,,https://voca.ro/15MmZVMOP3Iv,Emillight,-,0.4 m,7.5 kg,White,Genderless,Dragon,High Friendship,Dragon + Mattel (A large die cast toymaking company),
Zillichina,Steel,Dragon,100,110,110,110,65,60,555,Heatproof/Bulletproof (Lightning Rod/Mold Breaker),https://i.imgur.com/OfaiNMB.jpg,https://imgur.com/a/kPcHmA8,,https://voca.ro/14thEMt49Z8p,Emillight,Zac,18.1 m,12497.2 kg,White,Genderless,Dragon,Does Not Evolve,Godzilla + China,
Icehugger,Ice,Poison,45,85,20,95,20,41,306,Liquid Ooze/Poison Touch (Illuminate/Adaptability),https://i.imgur.com/a4Ju7Yn.png,https://i.imgur.com/wBG0YtI.png,https://i.imgur.com/pEp9Y7H.png,,Zac,Zac & SomeArsej,0.7 m,11.5 kg,White,Genderless,Monster/Dragon,Moon Stone,"Ice + ""Face Hugger"" (a more endearing term to refer the first and most single minded stage of Xenomorphs from the ""Alien"" movie series)",
Xeninter,Ice,Poison,79,132,61,133,69,79,553,Liquid Ooze/Poison Touch (Illuminate/Adaptability),https://i.imgur.com/SsLuapk.png,https://imgur.com/a/HiLyVTE,https://i.imgur.com/BlBiWSz.png,https://voca.ro/1cZHRNjeDtVv,Corkie6,Corkie6,1.9 m,121.3 kg,White,Genderless,Monster/Dragon,Does Not Evolve,Xenomorph + Winter,
Sphare,Rock,Fighting,71,120,75,55,36,90,447,Rock Head/Iron Fist (Sand Rush/Mold Breaker),,,,,Zac,Zac,0.5 m,616 kg,Brown,100% Male,Mineral,Dusk Stone,Sphere + Spare (Like that thing in bowling),
Costrike,Rock,Ghost,91,60,168,115,41,62,537,Clear Body/Striker (Sand Rush/Mirror Armor),,,,,Zac,Zac,2.4 m,710 kg,Brown,100% Male,Mineral,Does Not Evolve,Cosmic + Strike (Also like that thing in bowling),
Sparmor,Electric,,49,62,76,43,45,48,323,Static/Shell Armor (Lightning Rod/Teravolt),,,,,Spectralized & Genocity,-,0.4 m,10.2 kg,Yellow,50/50,Field/Monster,Lvl 25,Spar/Spark + Armor,
Ohmadillo,Electric,Fighting,70,93,90,50,52,55,410,Static/Shell Armor (Guts/Teravolt),,,,,Spectralized & Genocity,-,1.1 m,30 kg,Yellow,50/50,Field/Monster,Thunder Stone,Ohm (As in the unit of electrical resistance) + Armadillo,
Colombolt,Electric,Fighting,100,119,114,61,64,71,529,Static/Shell Armor (Guts/Teravolt),,,,,Spectralized & Genocity,-,2.1 m,125 kg,Yellow,50/50,Field/Monster,Does Not Evolve,Coulomb (As in Coulomb's Law) + Bolt,
Emojinn,Psychic,Flying,70,69,69,126,80,111,525,Prankster (Aerilate/Moody),https://i.imgur.com/OHMFn6a.png,https://i.imgur.com/urpAFNN.png,,,C3ll,NeyOkaou,1.5 m,64 kg,Blue,100% Male,Amorphous/Human-Like,Does Not Evolve,Emoji + Jinn (genie),
Bearedaze,Normal,Fighting,70,90,60,40,55,55,370,Defiant (Iron Fist/Unseen Fist),https://i.imgur.com/ZOokGFa.png,https://i.imgur.com/VlHhM8L.png,https://i.imgur.com/uq4k3wM.png,https://voca.ro/16He7e8tCCBd,Genocity,AEcura ,0.6 m,12 kg,Yellow,75/25,Human-Like/Field,Sun Stone,"Bear + ""Yare Yare Daze"" (Jotaro's catchphrase in JJBA)",
Kumataro,Normal,Fighting,80,120,85,80,80,105,550,Defiant (Iron Fist/Unseen Fist),https://i.imgur.com/hUcjouT.png,https://i.imgur.com/DP3j0Oc.png,https://i.imgur.com/60O9MWJ.png,https://voca.ro/1dyhruOGSuWK,Genocity,Genocity,2 m,142 kg,Yellow,75/25,Human-Like/Field,Does Not Evolve,Kuma (Japanese for Bear) + Jotaro,
Ouroblack,Normal,Psychic,50,65,40,65,40,110,370,Steadfast (Speed Boost/Strong Jaw),,,,,Karma,Zac,1.4 m,90.7 kg,Black,75/25,Water 1/Dragon,Moon Stone,"Ouroboros + Black (The reverse of Whitesnake, because this thing is a black snake)",
Reveloros,Normal,Psychic,80,85,65,85,65,170,550,Steadfast (Speed Boost/Strong Jaw),,,,https://voca.ro/1jvnvLjqfgFB,Karma,Zac,3.2 m,210.9 kg,Blue,75/25,Water 1/Dragon,Does Not Evolve,Revelations (As in the final book of the Bible) + Ouroboros,
Venireal,Dark,Psychic,45,66,58,77,77,10,333,Forewarn/Anticipation (Analytic/Magic Bounce),https://i.imgur.com/8V7pqrM.png,https://i.imgur.com/9tZInCI.png,,https://voca.ro/1fjlpECRf3pq,Emillight,-,0.6 m,55 kg,White,Genderless,Amorphous,Dusk Stone,"Venial + real(?) (idk but part of its name might come from the word ""Ethereal"" but it sounds like that one STD)",
Apocamise,Dark,Psychic,85,120,85,120,120,13,543,Forewarn/Anticipation (Analytic/Magic Bounce),https://i.imgur.com/8V7pqrM.png,https://i.imgur.com/NeHIJfH.png,https://i.imgur.com/90SGecQ.png,https://voca.ro/1dQmiHl6Gman,Emillight,Zac,1.8 m,200 kg,White,Genderless,Amorphous,Does Not Evolve,Apocalypse + Demise,
Crolord,Normal,Flying,66,121,54,117,71,100,529,Dry Skin/Big Pecks (Neroforce/Degredation),,,,,The Fiend & Rexcanyon792,The Fiend & Rexcanyon792,4 m,4 kg,Black,Genderless,Flying/Monster,Does Not Evolve,Crow (As in Crow Mauler) + O'LORD (A reference to how the Empty Scroll is used in Fear & Hunger),
Jarumite,Water,Dragon,59,60,70,65,45,24,323,Water Absorb/Shell Armor (Dragon's Maw/Primordial Sea),https://i.imgur.com/dCHzlKL.png,https://i.imgur.com/KHZSGf3.png,https://i.imgur.com/A827F9A.png,,"Spectralized, General Washingtoad, Zac",-,0.4 m,7.1 kg,White,50/50,Dragon/Amorphous,Lvl 27,Jar + mite(?) (more so due to its small stature rather than being arachnid-like),
Serpotine,Water,Dragon,69,79,91,82,61,31,413,Water Absorb/Shell Armor (Dragon's Maw/Primordial Sea),https://i.imgur.com/BhhbCQg.png,https://i.imgur.com/AxZHh0o.png,https://i.imgur.com/lJVjndx.png,https://voca.ro/1lO821Hd8wnh,"Spectralized, General Washingtoad, Zac",-,1.2 m,24.9 kg,White,50/50,Dragon/Amorphous,Lvl 42,Serpentine + Pot (As in the thing it's stuck inside),
Tsemani,Water,Dragon,80,90,120,100,80,60,530,Water Absorb/Shell Armor (Dragon's Maw/Primordial Sea),https://i.imgur.com/N3zneVH.png,https://i.imgur.com/ZbSYIAx.png,https://i.imgur.com/QxU5FMF.png,https://voca.ro/11A43bZaMiQc,"Spectralized, General Washingtoad, Zac",Zac,2.4 m,144.3 kg,White,50/50,Dragon/Amorphous,Does Not Evolve,Corruption of Tsunami + semen lol cum,
Dredgod,Ghost,Dragon,66,108,70,80,61,125,510,Suddeny/Unnerve (Tough Claws/Shadow Tag),,,,,Engie,Zac,1 m,7 kg,Red,Genderless,Amorphous/Monster,Does Not Evolve,Dread + Red + Dead god,
Schiztarf,Grass,Unknown,111,103,95,108,71,23,511,Own Tempo/Moody (Ripen/Contrary),https://imgur.com/IT764bV,https://imgur.com/SyYkXRy,,,Karma,-,2.05 m,86.7 kg,Green,Genderless,Monster/Grass,Does Not Evolve,Schizophrenia + Starf (As in Starf Berry),
Qrakenmark,Water,Unknown,100,62,73,131,103,42,511,Sticky Hold/Suction Cups (Competitive/Hydrophile),https://i.imgur.com/2YZ5ccJ.png,https://i.imgur.com/m4UnE9b.png,,https://voca.ro/13rLF7pErhJG,Karma,NeyOkaou,2.49 m,158.9 kg,Black,50/50,Water 2/Water 3,Does Not Evolve,Question Mark + Kraken,
Epilate,Fire,Unknown,54,121,50,99,87,100,511,Flame Body/White Smoke (Turboblaze/Desolate Land),,,,https://voca.ro/1fd2xGppzB2M,Karma,-,2.1 m,22.37 kg,Red,50/50,Amorphous/Flying,Does Not Evolve,Epilogue + Immolate,
Ulmiraint,Normal,,110,95,75,95,75,64,514,Palette Swap,,,,https://voca.ro/1cbXbvzrgkRn,Greed,The Fiend and many others,1.7 m,30 kg,White,Genderless,Mineral,Does Not Evolve,Ultimate + Miracle + Paint + The pronounciation of Culiminate,
Noxilium,Ghost,Flying,89,76,80,121,73,101,540,Cursed Body/Berserk (No Guard/Delta Stream),https://i.imgur.com/hlP1EBF.png,https://imgur.com/Go88HHH,https://i.imgur.com/xw4ZhJ4.png,https://voca.ro/1jmvw4wmQFRJ,Jet2012,GML,2.15 m,40 kg,Gray,Genderless,Amorphous,Does Not Evolve,Mola Gay,
Indignifly,Bug,Psychic,79,53,84,147,123,79,565,Pressure (Synchronize/Filter),https://i.imgur.com/r0jsH1N.png,https://imgur.com/b2W8Y4p,https://i.imgur.com/ze3r9GG.png,https://voca.ro/11KsvbaCbeIB,Genocity,Clown,1.3 m,32 kg,Green,50/50,Bug,Does Not Evolve,Indignant Divinity (Soundtrack from Tower of Heaven) + Butterfly,
Dinomight,Rock,Dragon,82,150,106,69,69,55,531,Rough Skin/Strong Jaw (Intimidate/Emergency Exit),https://i.imgur.com/81oGBA5.png,https://imgur.com/a/JAcapuj,https://i.imgur.com/xOkg0pf.png,https://voca.ro/15laSRN1HcJi,Abel,-,4.6 m,999.9 kg,Green,50/50,Dragon/Field,Lvl 40,Dinosaur + Might (Dynamite),
Cocken,Unknown,,130,25,5,5,5,200,370,Gale Wings/Big Pecks (Emergency Exit/Defeatist),https://i.imgur.com/81oGBA5.png,https://imgur.com/a/Cawv8Ax,https://i.imgur.com/KESFds1.png,https://voca.ro/19y5RZt9gPNL,Abel,NeyOkaou,0.7 m,2.6 kg,White,50/50,Dragon/Field,Does Not Evolve,Cock (like the chicken) + Chicken,
Primitool,Rock,,64,72,80,32,64,48,360,Hyper Cutter/Mold Breaker (Simple/Solid Rock),https://i.imgur.com/inQEzWC.png,https://i.imgur.com/acy9umV.png,,,Sylph,Zac,0.64 m,64 kg,Brown,50/50,Mineral/Human-Like,Lvl 40,Primitive + Tool,
Primiteve,Rock,Steel,80,100,120,64,80,72,516,Batte Armor/Mold Breaker (Simple/Steelworker),https://i.imgur.com/5lG1LYO.png,https://i.imgur.com/I8l3yjX.png,https://i.imgur.com/8EjRZwv.png,https://voca.ro/16iedlnJ57H0,Sylph,Genocity,1.85 m,342 kg,Green,50/50,Mineral/Human-Like,Does Not Evolve,Primitive + Steve (from Minecraft!),
Moyalith,Rock,,160,65,130,65,80,0,500,Stall (Pressure/Big Guy),https://i.imgur.com/VF0aqzL.png,https://imgur.com/a/dPM221M,https://i.imgur.com/hBVgsFl.png,,Genocity,SomeArsej & Genocity,30.48 m,1157321617.52 kg,Brown,Genderless,Mineral,Does Not Evolve,Moyai/Moai (big ol head statues) + Monolith,
Wawho,Unknown,,80,75,70,75,70,80,450,Color Change/Trace (Protean/Technichan),https://i.imgur.com/KNA9R5u.png,https://i.imgur.com/Y0lqKxi.png,https://i.imgur.com/CvCtx9z.png,https://voca.ro/1fgqaGpv7ZBc,SomeArsej,Con,0.8 m,6.4 kg,Gray,Genderless,Amorphous,Does Not Evolve,Wahoo!!! (An exclamation Mario often makes) + Who? (because Mario is DEAD),
Regishort,Electric,Ghost,150,75,125,80,100,50,580,Weak Armor (Cursed Body/Shadow Shield),https://i.imgur.com/cSGikR2.png,https://i.imgur.com/3louWLT.png,https://i.imgur.com/H1zZHFK.png,https://voca.ro/19riSeDemIy8,Metomb,Zac,1.2 m,95 kg,Yellow,Genderless,Undiscovered,Does Not Evolve,Regi (like the pokemon) + Short (like that thing that happens when electricity goes out),
Regicide,Dragon,Ghost,50,100,75,125,80,150,580,Weak Armor (Cursed Body/Shadow Shield),https://i.imgur.com/GGc0BMO.png,https://i.imgur.com/Kj2L3sp.png,https://i.imgur.com/q1xGzXR.png,https://voca.ro/1o1Lc10CnFQJ,Metomb,Zac,2.1 m,120 kg,Purple,Genderless,Undiscovered,Does Not Evolve,Regi (like the pokemon) + Suicide (Regicide is also a word that can refer to the death/murder of a monarch),
Regigigone,Normal,Ghost,110,110,100,160,110,80,670,Defeatist,https://i.imgur.com/v1PpfnN.jpg,https://i.imgur.com/udfRMtZ.png,https://i.imgur.com/NBGP31T.png,https://voca.ro/18N8H1hfHoS6,THE 1054 & Zac,Zac,3.7 m,320 kg,White,Genderless,Undiscovered,Does Not Evolve,Regi (like the pokemon) + Regigigas (like the pokemon) + Gone (because he DEAD),
Glaciun,Ice,Bug,90,125,70,110,80,105,580,Pressure (Slush Rush/Technician),https://i.imgur.com/VCh75gZ.png,https://i.imgur.com/39KqSbk.png,https://i.imgur.com/dGmqIDv.png,https://voca.ro/1jDdG1gJLiun,Genocity & Zac,Genocity & Zac,0.1 m,0.1 kg,White,Genderless,Undiscovered,Does Not Evolve,Glacier + Un (French for One),
Galvadeux,Electric,Bug,105,110,90,80,125,70,580,Pressure (Teravolt/Intimidate),https://i.imgur.com/PDYJlQn.png,https://i.imgur.com/w7ahaxl.png,https://i.imgur.com/xJ61W0q.png,https://voca.ro/1dv2zuBkBR44,Genocity & Zac,Zac,0.2 m,0.2 kg,Yellow,Genderless,Undiscovered,Does Not Evolve,Galvanize + Deux (French for Two),
Pyrotrois,Fire,Bug,70,110,80,105,90,125,580,Pressure (Solar Power/No Guard),https://i.imgur.com/W3lAEjS.png,https://i.imgur.com/U0zNQre.png,https://i.imgur.com/RMmlnyQ.png,https://voca.ro/1dljeMUtJlEo,Genocity,Clown & Genocity,0.3 m,0.3 kg,Red,Genderless,Undiscovered,Does Not Evolve,Pyro + Trois (French for Three),
Ankhira,Ground,Psychic,65,25,61,42,73,34,300,Magician/Forewarn (Levitate/Mummy),https://i.imgur.com/yP5BP6G.png,https://i.imgur.com/k2Z2ZYx.png,,,Zac,GML & Zac,0.4 m,0.5 kg,Black,Genderless,Mineral/Amorphous,Lvl 45,Ankh + probably some random bullshit suffix (I should come up with better names but I'm lazy),
Ankhpu,Ground,Psychic,85,55,72,64,106,38,420,Magician/Forewarn (Levitate/Mummy),https://i.imgur.com/yP5BP6G.png,https://i.imgur.com/HOnFFfY.png,,,Zac,Zac,0.9 m,0.5 kg,Black,Genderless,Mineral/Amorphous,Lvl 65,Ankh + probably some random bullshit suffix (I should come up with better names but I'm lazy),
Ankhurah,Ground,Psychic,113,77,95,127,133,55,600,Magician/Psychic Surge (Levitate/Mummy),https://i.imgur.com/pwkGEhh.png,https://i.imgur.com/ttLnIci.png,https://i.imgur.com/My2FT3W.png,,Genocity,GML,1.7 m,0.5 kg,Black,Genderless,Mineral/Amorphous,Does Not Evolve,Ankh + probably some random bullshit suffix (I should come up with better names but I'm lazy),
Squithee,Steel,,69,43,62,50,51,25,300,Berserk/Battle Armor (Overcoat/Hustle),https://i.imgur.com/iInBo47.png,https://imgur.com/O0gWkv1,https://i.imgur.com/hwYLSps.png,,Abel & AbyssalLeviathan,-,0.3 m,4 kg,Pink,100% Male,Human-Like/Fairy,Lvl 45,Squig (weird tiny orkish creature from WH40K) + vowels,
Goblazer,Steel,Fighting,85,76,80,69,75,35,420,Berserk/Battle Armor (Full Metal Body/Simple),https://i.imgur.com/TniKbkv.png,https://imgur.com/LwZyseF,https://i.imgur.com/SK1U6Hl.png,,Zac & AbyssalLeviathan,-,1.3 m,47 kg,Pink,100% Male,Human-Like/Fairy,Lv 65,Goblin + Lazer,
Warghork,Steel,Fairy,100,125,110,111,80,74,600,Berserk/Bulletproof (Full Metal Body/Sheer Force),https://i.imgur.com/T4j4SAG.png,https://imgur.com/RuNTLol,https://i.imgur.com/PQ6FHb4.png,https://voca.ro/1jA3KbMi3Dmb,AbyssalLeviathan & Zac,-,3.6 m,536 kg,Pink,100% Male,Human-Like/Fairy,Does Not Evolve,War + WAAAAAAAAAAAAARRRGHHH + Ork,
Ranruu,Dark,Fairy,61,109,67,157,79,97,570,Beast Boost (Dancer/Flare Heal),https://i.imgur.com/pMmp0Dm.png,https://i.imgur.com/GadigG8.png,https://i.imgur.com/RggMPeU.png,https://voca.ro/18pM0pSTskzx,Martin,Zac,2.59 m,71 kg,Red,Genderless,Undiscovered,Does Not Evolve,just watch this video lol https://www.youtube.com/watch?v=KNsgJ3CJVZA,
Loituma,Grass,Flying,67,73,53,103,83,191,570,Beast Boost (Propellor Tail/Speed Boost),https://i.imgur.com/E6apOHw.png,https://imgur.com/a/JOsytjI,https://i.imgur.com/sGzue26.png,https://voca.ro/19OxWZj89g18,Martin,Genocity,1.57 m,49 kg,Green,Genderless,Undiscovered,Does Not Evolve,"Loituma is just the name of the band that made the song that plays in the ""Leek Spin"" meme video that Loituma is based on",
Ignifatu,Fire,,89,167,109,79,37,89,570,Beast Boost (Toxic Boost/Sheer Force),https://i.imgur.com/tkN4B2f.png,https://i.imgur.com/xO2VaEe.png,https://i.imgur.com/txeM8Wf.png,https://voca.ro/1HZGtkloe6S4,Martin,Clown,4.21 m,465 kg,Red,Genderless,Undiscovered,Does Not Evolve,"Ignis Fatuus (A latin phrase that could refer to will-o-wisps and directly translates to ""foolish/deluded fire"")",
Spenjbab,Grass,Rock,151,97,137,23,139,23,570,Beast Boost (Oblivious/Dry Skin),https://i.imgur.com/JuiretK.png,https://imgur.com/a/U8jP7SO,https://i.imgur.com/juLYk6E.png,https://voca.ro/1kHOUspd9Br6,Martin,Genocity,6.01 m,1857 kg,Yellow,Genderless,Undiscovered,Does Not Evolve,Spongebob but spelled funky,
Gigapuddi,Fairy,,107,79,89,139,109,47,570,Beast Boost (Sweet Veil/Aroma Veil),https://i.imgur.com/Xa7AD8E.png,https://imgur.com/a/47Su8rm,https://i.imgur.com/3jjL8AP.png,https://voca.ro/15nTsZadB9Yb,Martin,Zac,3.6 m,72 kg,Red,Genderless,Undiscovered,Does Not Evolve,"Giga Pudding (like the company that sells ""DIY pudding"" for children to enjoy)",
Empidae,Normal,Bug,83,127,83,71,79,127,570,Beast Boost (Queenly Majesty/No Guard),https://imgur.com/7nGgEXa,https://i.imgur.com/gt3lIQ9.png,https://i.imgur.com/5CSS0ef.png,https://voca.ro/19NUNlPBpihl,Zac,Zac,2.33 m,54 kg,Yellow,Genderless,Undiscovered,Does Not Evolve,Emperess + Apidae (family of Bees),
Phantorney,Ghost,Fighting,79,67,131,109,71,113,570,Beast Boost (Justified/Competitive),https://i.imgur.com/WVAMiPc.png,https://imgur.com/a/xq4adQD,https://i.imgur.com/47tpox0.png,https://voca.ro/1oIrToA1bQft,Genocity,Genocity ,5.18 m,0.2 kg,Blue,Genderless,Undiscovered,Does Not Evolve,Phantom + Attorney,
Cirnumiru,Ice,Fairy,73,71,73,109,131,113,570,Beast Boost (Liquid Voice/Snow Warning),https://i.imgur.com/Cv8fn4O.png,https://imgur.com/a/Qiftof6,https://i.imgur.com/qOuVrZU.png,https://voca.ro/122ZamVrI57q,Corkie6,Zac,1.1 m,0.6 kg,White,Genderless,Undiscovered,Does Not Evolve,Chirnumiru + Cirno,
Seraphill,Electric,Flying,83,97,107,97,107,79,570,Beast Boost (Motor Drive/Magic Guard),https://i.imgur.com/VLFdQhP.png,https://i.imgur.com/Enh7Kmt.png,https://i.imgur.com/teGKaEA.png,https://voca.ro/1hb8UUivrCOH,Zac,Zac,5.4 m,4.3 kg,Yellow,Genderless,Undiscovered,Does Not Evolve,Seraphim + Philips (The company that makes the lightbulbs in your bathroom),
Shiribiko,Psychic,Dragon,113,127,113,97,89,61,600,Beast Boost (Super Luck/Psychic Surge),https://i.imgur.com/fOTUKWI.png,https://i.imgur.com/2AMiqdj.png,https://i.imgur.com/jEyHEYw.png,https://voca.ro/1ifgDm0HI0P0,Corkie6,Zac,Very Very Long,Very Very Heavy,White,Genderless,Undiscovered,Does Not Evolve,"Shiroi (The real name of Longcat and ""White"" in Japanese) + Nobiko (""Stretch"" in Japanese and a nickname for Longcat)",
Theforest,Bug,Unknown,114,126,83,13,73,142,551,Horror (Puppeter/Bad Dreams),https://imgur.com/4Fm2QN3,https://i.imgur.com/8tzsFsy.png,,https://voca.ro/15A5AnYc33U9,"Greed, The Fiend, Karma",-,18.23 m,864.3 kg,Green,Genderless,Undiscovered,Does Not Evolve,The Forest,
Nyanonite,Fairy,Rock,95,111,85,101,80,128,600,Pixilate/Weak Amor (Jewelry/Dazzling),https://i.imgur.com/E5M3qHP.jpg,https://i.imgur.com/0nke32E.png,https://i.imgur.com/ByKuNtL.png,https://voca.ro/18O48lKPnJaT,Spectralized & Emillight,Emillight,750 m,2.2 quadrillion kg,Gray,Genderless,Undiscovered,Does Not Evolve,"Nyan (like the sound cats make in japan in particular) ""Nyan-Cat"" + Meteorite",
Sablini,Steel,Ghost,100,100,100,100,100,100,600,Prankster (Stall/Infiltrator),https://i.imgur.com/79iSnzz.png,https://i.imgur.com/gMDso98.png,https://i.imgur.com/wLn4G4g.png,https://voca.ro/19J08TAQyiej,Zac,Zac,0.3 m,24.1 kg,Gray,Genderless,Undiscovered,Does Not Evolve,"Sabotage + -ini (since most pixie legendaries have names ending in ""ini"") + Sableye",
Klasicope,Unknown,,44,35,88,52,75,6,300,Trace/Slow Start (Moody/Inversion),,,,,"The Fiend, Zac",Zac,0.1 m,1.4 kg,Black,Genderless,Undiscovered,Lvl 24,"A corruption of ""Classic CAP"" (An in-joke for the more nonsensical or unfinished parts of CAP's development) + Cope",
Essention,Unknown,,77,100,88,71,75,34,445,Cloud Nine/Sand Force (Moody/Inversion),,,,,"The Fiend, Zac",Zac,5.6 m,900 kg,Black,Genderless,Undiscovered,Lvl 66,Essentials (As in the game engine that was originally planned for CAP) + Ascension,
Termagnius,Unknown,,99,130,106,81,103,81,600,Cloud Nine/Sand Force (Eclipse/Boundary),,,,,"The Fiend, Zac",Zac,7.8 m,8888 kg,Black,Genderless,Undiscovered,Does Not Evolve,"Termina (Meaning ""to finish"", signifying the full circle joke of CAP being completed) + A corruption of ""Magnum Opus""",
Forgotno,Unknown,Steel,33,136,0,143,143,91,546,Klutz (Puppeteer/Gale Wings),,https://imgur.com/kVGjL8C,,https://voca.ro/1jKHxK6HaVSC,Zac,Zac,2.88 m,19.97 kg,White,Genderless,Undiscovered,Does Not Evolve,Forgotten + MissingNo,
Doomsay,Ghost,Psychic,33,162,33,100,100,101,529,Klutz (Levitate/Old School),,,,https://voca.ro/1hLiQFMkPjGl,Unknown,Zac,1.87 m,80.37 kg,Brown,Genderless,Undiscovered,Does Not Evolve,Doomsay,
DOOMSDAY,Ghost,,152,152,152,152,152,152,912,Klutz,https://i.imgur.com/BoefRsS.png,https://i.imgur.com/2CUZfhG.png,https://i.imgur.com/62CP1QK.png,https://voca.ro/16E63iKPpeGz,Zac,Zac,15.2 m,1521.52 kg,Purple,Genderless,Undiscovered,Does Not Evolve,DOOMSDAY,
